coal,hydro,nuclear,gas_naptha_diesel,res,total,date,year,month,month_date,weekday,unit
2873.0,247.0,135.0,62.0,377.0,3694.0,2022-01-01,2022,1,01-01,Saturday,MU
2764.0,230.0,127.0,60.0,395.0,3576.0,2022-01-02,2022,1,01-02,Sunday,MU
2944.0,267.0,123.0,60.0,367.0,3761.0,2022-01-03,2022,1,01-03,Monday,MU
3069.0,260.0,123.0,56.0,331.0,3839.0,2022-01-04,2022,1,01-04,Tuesday,MU
3050.0,264.0,124.0,59.0,278.0,3775.0,2022-01-05,2022,1,01-05,Wednesday,MU
2981.0,267.0,111.0,57.0,282.0,3698.0,2022-01-06,2022,1,01-06,Thursday,MU
2989.0,260.0,100.0,58.0,302.0,3709.0,2022-01-07,2022,1,01-07,Friday,MU
2840.0,255.0,103.0,57.0,303.0,3558.0,2022-01-08,2022,1,01-08,Saturday,MU
2730.0,238.0,119.0,57.0,314.0,3458.0,2022-01-09,2022,1,01-09,Sunday,MU
2830.0,260.0,119.0,56.0,341.0,3606.0,2022-01-10,2022,1,01-10,Monday,MU
2837.0,256.0,118.0,61.0,387.0,3659.0,2022-01-11,2022,1,01-11,Tuesday,MU
2865.0,255.0,119.0,61.0,365.0,3665.0,2022-01-12,2022,1,01-12,Wednesday,MU
2864.0,246.0,119.0,60.0,384.0,3673.0,2022-01-13,2022,1,01-13,Thursday,MU
2752.0,241.0,119.0,62.0,392.0,3566.0,2022-01-14,2022,1,01-14,Friday,MU
2712.0,234.0,119.0,63.0,402.0,3530.0,2022-01-15,2022,1,01-15,Saturday,MU
2684.0,227.0,119.0,62.0,403.0,3495.0,2022-01-16,2022,1,01-16,Sunday,MU
2884.0,249.0,119.0,63.0,400.0,3715.0,2022-01-17,2022,1,01-17,Monday,MU
2995.0,266.0,119.0,62.0,370.0,3812.0,2022-01-18,2022,1,01-18,Tuesday,MU
3058.0,268.0,119.0,62.0,351.0,3858.0,2022-01-19,2022,1,01-19,Wednesday,MU
3065.0,261.0,117.0,60.0,385.0,3888.0,2022-01-20,2022,1,01-20,Thursday,MU
3078.0,254.0,109.0,61.0,404.0,3906.0,2022-01-21,2022,1,01-21,Friday,MU
2900.0,237.0,110.0,62.0,472.0,3781.0,2022-01-22,2022,1,01-22,Saturday,MU
2840.0,215.0,119.0,64.0,389.0,3627.0,2022-01-23,2022,1,01-23,Sunday,MU
3050.0,263.0,119.0,62.0,335.0,3829.0,2022-01-24,2022,1,01-24,Monday,MU
3091.0,280.0,119.0,61.0,335.0,3886.0,2022-01-25,2022,1,01-25,Tuesday,MU
2953.0,252.0,119.0,63.0,333.0,3720.0,2022-01-26,2022,1,01-26,Wednesday,MU
3006.0,255.0,120.0,62.0,393.0,3836.0,2022-01-27,2022,1,01-27,Thursday,MU
3052.0,244.0,122.0,61.0,467.0,3946.0,2022-01-28,2022,1,01-28,Friday,MU
3065.0,267.0,119.0,63.0,395.0,3909.0,2022-01-29,2022,1,01-29,Saturday,MU
3029.0,240.0,119.0,64.0,360.0,3812.0,2022-01-30,2022,1,01-30,Sunday,MU
3126.0,291.0,119.0,66.0,362.0,3964.0,2022-01-31,2022,1,01-31,Monday,MU
3135.0,292.0,119.0,66.0,339.0,3951.0,2022-02-01,2022,2,02-01,Tuesday,MU
3156.0,283.0,119.0,66.0,392.0,4016.0,2022-02-02,2022,2,02-02,Wednesday,MU
3049.0,259.0,119.0,65.0,443.0,3935.0,2022-02-03,2022,2,02-03,Thursday,MU
3112.0,253.0,121.0,65.0,386.0,3937.0,2022-02-04,2022,2,02-04,Friday,MU
3146.0,269.0,124.0,65.0,350.0,3954.0,2022-02-05,2022,2,02-05,Saturday,MU
3040.0,244.0,124.0,65.0,376.0,3849.0,2022-02-06,2022,2,02-06,Sunday,MU
3184.0,281.0,124.0,68.0,354.0,4011.0,2022-02-07,2022,2,02-07,Monday,MU
3232.0,279.0,123.0,70.0,363.0,4067.0,2022-02-08,2022,2,02-08,Tuesday,MU
3151.0,274.0,124.0,71.0,392.0,4012.0,2022-02-09,2022,2,02-09,Wednesday,MU
3116.0,255.0,123.0,68.0,442.0,4004.0,2022-02-10,2022,2,02-10,Thursday,MU
3106.0,254.0,124.0,63.0,458.0,4005.0,2022-02-11,2022,2,02-11,Friday,MU
3130.0,275.0,124.0,56.0,392.0,3977.0,2022-02-12,2022,2,02-12,Saturday,MU
3049.0,247.0,124.0,62.0,391.0,3873.0,2022-02-13,2022,2,02-13,Sunday,MU
3120.0,270.0,123.0,65.0,405.0,3983.0,2022-02-14,2022,2,02-14,Monday,MU
3177.0,286.0,121.0,67.0,387.0,4038.0,2022-02-15,2022,2,02-15,Tuesday,MU
3217.0,285.0,120.0,69.0,378.0,4069.0,2022-02-16,2022,2,02-16,Wednesday,MU
3190.0,282.0,120.0,69.0,394.0,4055.0,2022-02-17,2022,2,02-17,Thursday,MU
3165.0,286.0,120.0,69.0,443.0,4083.0,2022-02-18,2022,2,02-18,Friday,MU
3130.0,281.0,119.0,68.0,457.0,4055.0,2022-02-19,2022,2,02-19,Saturday,MU
3035.0,262.0,119.0,64.0,437.0,3917.0,2022-02-20,2022,2,02-20,Sunday,MU
3140.0,302.0,119.0,60.0,435.0,4056.0,2022-02-21,2022,2,02-21,Monday,MU
3144.0,312.0,118.0,59.0,486.0,4119.0,2022-02-22,2022,2,02-22,Tuesday,MU
3172.0,308.0,127.0,63.0,441.0,4111.0,2022-02-23,2022,2,02-23,Wednesday,MU
3230.0,318.0,131.0,61.0,404.0,4144.0,2022-02-24,2022,2,02-24,Thursday,MU
3221.0,308.0,132.0,62.0,428.0,4151.0,2022-02-25,2022,2,02-25,Friday,MU
3137.0,284.0,131.0,64.0,463.0,4079.0,2022-02-26,2022,2,02-26,Saturday,MU
2993.0,272.0,133.0,65.0,508.0,3971.0,2022-02-27,2022,2,02-27,Sunday,MU
3148.0,288.0,135.0,64.0,470.0,4105.0,2022-02-28,2022,2,02-28,Monday,MU
3193.0,289.0,136.0,66.0,427.0,4111.0,2022-03-01,2022,3,03-01,Tuesday,MU
3129.0,300.0,136.0,67.0,487.0,4119.0,2022-03-02,2022,3,03-02,Wednesday,MU
3130.0,294.0,136.0,69.0,527.0,4156.0,2022-03-03,2022,3,03-03,Thursday,MU
3178.0,323.0,129.0,65.0,494.0,4189.0,2022-03-04,2022,3,03-04,Friday,MU
3221.0,324.0,126.0,63.0,447.0,4181.0,2022-03-05,2022,3,03-05,Saturday,MU
3169.0,283.0,131.0,63.0,417.0,4063.0,2022-03-06,2022,3,03-06,Sunday,MU
3194.0,317.0,132.0,61.0,447.0,4151.0,2022-03-07,2022,3,03-07,Monday,MU
3229.0,333.0,132.0,60.0,451.0,4205.0,2022-03-08,2022,3,03-08,Tuesday,MU
3259.0,338.0,131.0,55.0,451.0,4234.0,2022-03-09,2022,3,03-09,Wednesday,MU
3300.0,337.0,131.0,60.0,416.0,4244.0,2022-03-10,2022,3,03-10,Thursday,MU
3334.0,340.0,131.0,60.0,414.0,4279.0,2022-03-11,2022,3,03-11,Friday,MU
3322.0,342.0,135.0,61.0,390.0,4250.0,2022-03-12,2022,3,03-12,Saturday,MU
3247.0,313.0,135.0,60.0,405.0,4160.0,2022-03-13,2022,3,03-13,Sunday,MU
3352.0,353.0,135.0,60.0,428.0,4328.0,2022-03-14,2022,3,03-14,Monday,MU
3400.0,391.0,135.0,63.0,429.0,4418.0,2022-03-15,2022,3,03-15,Tuesday,MU
3437.0,407.0,135.0,62.0,430.0,4471.0,2022-03-16,2022,3,03-16,Wednesday,MU
3382.0,438.0,135.0,68.0,443.0,4466.0,2022-03-17,2022,3,03-17,Thursday,MU
3111.0,375.0,135.0,67.0,467.0,4155.0,2022-03-18,2022,3,03-18,Friday,MU
3119.0,368.0,135.0,72.0,520.0,4214.0,2022-03-19,2022,3,03-19,Saturday,MU
3176.0,376.0,135.0,71.0,493.0,4251.0,2022-03-20,2022,3,03-20,Sunday,MU
3325.0,420.0,135.0,73.0,465.0,4418.0,2022-03-21,2022,3,03-21,Monday,MU
3362.0,421.0,134.0,72.0,441.0,4430.0,2022-03-22,2022,3,03-22,Tuesday,MU
3406.0,404.0,134.0,69.0,435.0,4448.0,2022-03-23,2022,3,03-23,Wednesday,MU
3437.0,379.0,134.0,68.0,413.0,4431.0,2022-03-24,2022,3,03-24,Thursday,MU
3449.0,394.0,116.0,76.0,378.0,4413.0,2022-03-25,2022,3,03-25,Friday,MU
3423.0,370.0,112.0,82.0,381.0,4368.0,2022-03-26,2022,3,03-26,Saturday,MU
3356.0,337.0,112.0,74.0,425.0,4304.0,2022-03-27,2022,3,03-27,Sunday,MU
3440.0,359.0,112.0,76.0,474.0,4461.0,2022-03-28,2022,3,03-28,Monday,MU
3456.0,395.0,111.0,78.0,496.0,4536.0,2022-03-29,2022,3,03-29,Tuesday,MU
3503.0,401.0,111.0,78.0,465.0,4558.0,2022-03-30,2022,3,03-30,Wednesday,MU
3511.0,417.0,111.0,78.0,453.0,4570.0,2022-03-31,2022,3,03-31,Thursday,MU
3531.0,391.0,112.0,62.0,451.0,4547.0,2022-04-01,2022,4,04-01,Friday,MU
3493.0,383.0,111.0,66.0,436.0,4489.0,2022-04-02,2022,4,04-02,Saturday,MU
3364.0,396.0,111.0,65.0,416.0,4352.0,2022-04-03,2022,4,04-03,Sunday,MU
3487.0,448.0,111.0,64.0,414.0,4524.0,2022-04-04,2022,4,04-04,Monday,MU
3509.0,463.0,110.0,63.0,407.0,4552.0,2022-04-05,2022,4,04-05,Tuesday,MU
3479.0,453.0,110.0,68.0,428.0,4538.0,2022-04-06,2022,4,04-06,Wednesday,MU
3505.0,459.0,110.0,68.0,436.0,4578.0,2022-04-07,2022,4,04-07,Thursday,MU
3517.0,475.0,111.0,70.0,467.0,4640.0,2022-04-08,2022,4,04-08,Friday,MU
3508.0,453.0,110.0,67.0,457.0,4595.0,2022-04-09,2022,4,04-09,Saturday,MU
3382.0,421.0,110.0,74.0,443.0,4430.0,2022-04-10,2022,4,04-10,Sunday,MU
3448.0,459.0,110.0,79.0,462.0,4558.0,2022-04-11,2022,4,04-11,Monday,MU
3449.0,454.0,105.0,77.0,490.0,4575.0,2022-04-12,2022,4,04-12,Tuesday,MU
3486.0,441.0,105.0,74.0,454.0,4560.0,2022-04-13,2022,4,04-13,Wednesday,MU
3474.0,390.0,105.0,67.0,440.0,4476.0,2022-04-14,2022,4,04-14,Thursday,MU
3443.0,362.0,104.0,64.0,489.0,4462.0,2022-04-15,2022,4,04-15,Friday,MU
3527.0,358.0,104.0,64.0,500.0,4553.0,2022-04-16,2022,4,04-16,Saturday,MU
3382.0,322.0,104.0,61.0,528.0,4397.0,2022-04-17,2022,4,04-17,Sunday,MU
3493.0,377.0,103.0,67.0,507.0,4547.0,2022-04-18,2022,4,04-18,Monday,MU
3528.0,407.0,102.0,75.0,478.0,4590.0,2022-04-19,2022,4,04-19,Tuesday,MU
3507.0,415.0,102.0,80.0,448.0,4552.0,2022-04-20,2022,4,04-20,Wednesday,MU
3533.0,399.0,103.0,82.0,452.0,4569.0,2022-04-21,2022,4,04-21,Thursday,MU
3532.0,381.0,100.0,71.0,435.0,4519.0,2022-04-22,2022,4,04-22,Friday,MU
3559.0,396.0,100.0,82.0,407.0,4544.0,2022-04-23,2022,4,04-23,Saturday,MU
3432.0,345.0,100.0,81.0,462.0,4420.0,2022-04-24,2022,4,04-24,Sunday,MU
3555.0,373.0,100.0,87.0,475.0,4590.0,2022-04-25,2022,4,04-25,Monday,MU
3569.0,393.0,100.0,90.0,461.0,4613.0,2022-04-26,2022,4,04-26,Tuesday,MU
3585.0,416.0,100.0,95.0,449.0,4645.0,2022-04-27,2022,4,04-27,Wednesday,MU
3563.0,423.0,100.0,94.0,503.0,4683.0,2022-04-28,2022,4,04-28,Thursday,MU
3529.0,424.0,100.0,106.0,532.0,4691.0,2022-04-29,2022,4,04-29,Friday,MU
3470.0,393.0,104.0,107.0,601.0,4675.0,2022-04-30,2022,4,04-30,Saturday,MU
3298.0,350.0,104.0,97.0,647.0,4496.0,2022-05-01,2022,5,05-01,Sunday,MU
3418.0,388.0,104.0,88.0,624.0,4622.0,2022-05-02,2022,5,05-02,Monday,MU
3407.0,426.0,104.0,79.0,597.0,4613.0,2022-05-03,2022,5,05-03,Tuesday,MU
3450.0,415.0,105.0,80.0,483.0,4533.0,2022-05-04,2022,5,05-04,Wednesday,MU
3384.0,415.0,104.0,67.0,454.0,4424.0,2022-05-05,2022,5,05-05,Thursday,MU
3511.0,388.0,104.0,67.0,470.0,4540.0,2022-05-06,2022,5,05-06,Friday,MU
3528.0,390.0,104.0,69.0,501.0,4592.0,2022-05-07,2022,5,05-07,Saturday,MU
3388.0,375.0,104.0,72.0,538.0,4477.0,2022-05-08,2022,5,05-08,Sunday,MU
3422.0,390.0,104.0,79.0,607.0,4602.0,2022-05-09,2022,5,05-09,Monday,MU
3374.0,411.0,103.0,82.0,621.0,4591.0,2022-05-10,2022,5,05-10,Tuesday,MU
3391.0,430.0,100.0,79.0,610.0,4610.0,2022-05-11,2022,5,05-11,Wednesday,MU
3319.0,458.0,100.0,80.0,678.0,4635.0,2022-05-12,2022,5,05-12,Thursday,MU
3297.0,494.0,103.0,71.0,647.0,4612.0,2022-05-13,2022,5,05-13,Friday,MU
3280.0,523.0,103.0,70.0,675.0,4651.0,2022-05-14,2022,5,05-14,Saturday,MU
3189.0,496.0,103.0,66.0,645.0,4499.0,2022-05-15,2022,5,05-15,Sunday,MU
3300.0,536.0,104.0,64.0,589.0,4593.0,2022-05-16,2022,5,05-16,Monday,MU
3389.0,541.0,103.0,69.0,545.0,4647.0,2022-05-17,2022,5,05-17,Tuesday,MU
3476.0,515.0,103.0,76.0,417.0,4587.0,2022-05-18,2022,5,05-18,Wednesday,MU
3448.0,462.0,102.0,80.0,510.0,4602.0,2022-05-19,2022,5,05-19,Thursday,MU
3292.0,443.0,102.0,86.0,685.0,4608.0,2022-05-20,2022,5,05-20,Friday,MU
2955.0,444.0,103.0,69.0,819.0,4390.0,2022-05-21,2022,5,05-21,Saturday,MU
2703.0,421.0,103.0,55.0,890.0,4172.0,2022-05-22,2022,5,05-22,Sunday,MU
2687.0,427.0,100.0,50.0,818.0,4082.0,2022-05-23,2022,5,05-23,Monday,MU
2931.0,440.0,97.0,47.0,657.0,4172.0,2022-05-24,2022,5,05-24,Tuesday,MU
3219.0,445.0,96.0,52.0,548.0,4360.0,2022-05-25,2022,5,05-25,Wednesday,MU
3238.0,394.0,97.0,52.0,691.0,4472.0,2022-05-26,2022,5,05-26,Thursday,MU
3168.0,398.0,97.0,56.0,815.0,4534.0,2022-05-27,2022,5,05-27,Friday,MU
3152.0,449.0,97.0,58.0,787.0,4543.0,2022-05-28,2022,5,05-28,Saturday,MU
3069.0,432.0,97.0,54.0,781.0,4433.0,2022-05-29,2022,5,05-29,Sunday,MU
3298.0,452.0,100.0,53.0,736.0,4639.0,2022-05-30,2022,5,05-30,Monday,MU
3381.0,473.0,112.0,59.0,698.0,4723.0,2022-05-31,2022,5,05-31,Tuesday,MU
,,,,,,2022-06-01,2022,6,06-01,Wednesday,MU
3429.0,450.0,119.0,59.0,704.0,4761.0,2022-06-02,2022,6,06-02,Thursday,MU
3409.0,487.0,119.0,64.0,703.0,4782.0,2022-06-03,2022,6,06-03,Friday,MU
3438.0,493.0,116.0,61.0,667.0,4775.0,2022-06-04,2022,6,06-04,Saturday,MU
3319.0,483.0,108.0,56.0,694.0,4660.0,2022-06-05,2022,6,06-05,Sunday,MU
3428.0,500.0,102.0,68.0,601.0,4699.0,2022-06-06,2022,6,06-06,Monday,MU
3416.0,512.0,104.0,86.0,706.0,4824.0,2022-06-07,2022,6,06-07,Tuesday,MU
3359.0,529.0,114.0,98.0,771.0,4871.0,2022-06-08,2022,6,06-08,Wednesday,MU
3324.0,554.0,115.0,102.0,766.0,4861.0,2022-06-09,2022,6,06-09,Thursday,MU
3396.0,536.0,115.0,103.0,716.0,4866.0,2022-06-10,2022,6,06-10,Friday,MU
3365.0,518.0,114.0,90.0,705.0,4792.0,2022-06-11,2022,6,06-11,Saturday,MU
3290.0,516.0,114.0,60.0,605.0,4585.0,2022-06-12,2022,6,06-12,Sunday,MU
3496.0,529.0,116.0,73.0,503.0,4717.0,2022-06-13,2022,6,06-13,Monday,MU
3541.0,526.0,118.0,103.0,511.0,4799.0,2022-06-14,2022,6,06-14,Tuesday,MU
3437.0,559.0,119.0,94.0,556.0,4765.0,2022-06-15,2022,6,06-15,Wednesday,MU
3324.0,544.0,119.0,91.0,598.0,4676.0,2022-06-16,2022,6,06-16,Thursday,MU
3252.0,513.0,119.0,71.0,546.0,4501.0,2022-06-17,2022,6,06-17,Friday,MU
3208.0,488.0,120.0,57.0,497.0,4370.0,2022-06-18,2022,6,06-18,Saturday,MU
2979.0,474.0,120.0,57.0,561.0,4191.0,2022-06-19,2022,6,06-19,Sunday,MU
2976.0,465.0,115.0,52.0,676.0,4284.0,2022-06-20,2022,6,06-20,Monday,MU
2973.0,480.0,115.0,56.0,660.0,4284.0,2022-06-21,2022,6,06-21,Tuesday,MU
3194.0,469.0,116.0,56.0,528.0,4363.0,2022-06-22,2022,6,06-22,Wednesday,MU
3334.0,464.0,119.0,57.0,537.0,4511.0,2022-06-23,2022,6,06-23,Thursday,MU
3314.0,466.0,120.0,62.0,609.0,4571.0,2022-06-24,2022,6,06-24,Friday,MU
3266.0,481.0,124.0,63.0,626.0,4560.0,2022-06-25,2022,6,06-25,Saturday,MU
3200.0,485.0,128.0,58.0,670.0,4541.0,2022-06-26,2022,6,06-26,Sunday,MU
3336.0,558.0,129.0,67.0,615.0,4705.0,2022-06-27,2022,6,06-27,Monday,MU
3379.0,581.0,129.0,78.0,635.0,4802.0,2022-06-28,2022,6,06-28,Tuesday,MU
3275.0,578.0,128.0,71.0,723.0,4775.0,2022-06-29,2022,6,06-29,Wednesday,MU
2942.0,563.0,129.0,59.0,718.0,4411.0,2022-06-30,2022,6,06-30,Thursday,MU
2906.0,561.0,130.0,53.0,679.0,4329.0,2022-07-01,2022,7,07-01,Friday,MU
2976.0,592.0,130.0,52.0,591.0,4341.0,2022-07-02,2022,7,07-02,Saturday,MU
2859.0,583.0,130.0,52.0,577.0,4201.0,2022-07-03,2022,7,07-03,Sunday,MU
3076.0,611.0,129.0,56.0,584.0,4456.0,2022-07-04,2022,7,07-04,Monday,MU
3108.0,623.0,129.0,60.0,623.0,4543.0,2022-07-05,2022,7,07-05,Tuesday,MU
3087.0,637.0,130.0,65.0,514.0,4433.0,2022-07-06,2022,7,07-06,Wednesday,MU
3113.0,614.0,129.0,64.0,609.0,4529.0,2022-07-07,2022,7,07-07,Thursday,MU
3081.0,604.0,130.0,61.0,667.0,4543.0,2022-07-08,2022,7,07-08,Friday,MU
2852.0,597.0,130.0,61.0,699.0,4339.0,2022-07-09,2022,7,07-09,Saturday,MU
2606.0,581.0,130.0,62.0,702.0,4081.0,2022-07-10,2022,7,07-10,Sunday,MU
2765.0,616.0,123.0,61.0,715.0,4280.0,2022-07-11,2022,7,07-11,Monday,MU
2780.0,644.0,105.0,60.0,756.0,4345.0,2022-07-12,2022,7,07-12,Tuesday,MU
2819.0,651.0,109.0,63.0,698.0,4340.0,2022-07-13,2022,7,07-13,Wednesday,MU
2746.0,675.0,116.0,56.0,670.0,4263.0,2022-07-14,2022,7,07-14,Thursday,MU
2773.0,691.0,111.0,55.0,659.0,4289.0,2022-07-15,2022,7,07-15,Friday,MU
2801.0,702.0,108.0,54.0,685.0,4350.0,2022-07-16,2022,7,07-16,Saturday,MU
2671.0,697.0,107.0,55.0,597.0,4127.0,2022-07-17,2022,7,07-17,Sunday,MU
2940.0,706.0,121.0,58.0,511.0,4336.0,2022-07-18,2022,7,07-18,Monday,MU
2907.0,683.0,132.0,57.0,630.0,4409.0,2022-07-19,2022,7,07-19,Tuesday,MU
3055.0,734.0,129.0,61.0,561.0,4540.0,2022-07-20,2022,7,07-20,Wednesday,MU
2671.0,742.0,137.0,57.0,617.0,4224.0,2022-07-21,2022,7,07-21,Thursday,MU
2796.0,748.0,137.0,57.0,522.0,4260.0,2022-07-22,2022,7,07-22,Friday,MU
2742.0,731.0,137.0,57.0,562.0,4229.0,2022-07-23,2022,7,07-23,Saturday,MU
2548.0,743.0,118.0,57.0,616.0,4082.0,2022-07-24,2022,7,07-24,Sunday,MU
2742.0,773.0,113.0,74.0,560.0,4262.0,2022-07-25,2022,7,07-25,Monday,MU
2949.0,807.0,111.0,64.0,374.0,4305.0,2022-07-26,2022,7,07-26,Tuesday,MU
2997.0,804.0,111.0,63.0,374.0,4349.0,2022-07-27,2022,7,07-27,Wednesday,MU
