datetime,Coal,region,Wind,Hydro,Solar,Other,Petroleum,Nuclear,Natural gas
2022-06-01 00:00:00,294,CAL,1446,2344,13292,891,77,2278,7285
2022-06-01 01:00:00,294,CAL,2141,3587,10035,727,76,2278,8688
2022-06-01 02:00:00,292,CAL,2290,4970,3450,1427,76,2279,11281
2022-06-01 03:00:00,291,CAL,2915,5170,251,2047,76,2279,12514
2022-06-01 04:00:00,289,CAL,2898,5118,111,2637,77,2278,12166
2022-06-01 05:00:00,289,CAL,2629,4174,30,1522,76,2277,11304
2022-06-01 06:00:00,289,CAL,2442,3244,33,1115,77,2278,10173
2022-06-01 07:00:00,291,CAL,2033,2618,33,892,76,2279,9422
2022-06-01 08:00:00,290,CAL,2142,2509,0,836,77,2280,8682
2022-06-01 09:00:00,290,CAL,2424,2367,0,694,76,2277,7639
2022-06-01 10:00:00,291,CAL,2313,2365,0,718,77,2278,6566
2022-06-01 11:00:00,290,CAL,2115,2436,0,725,77,2279,6864
2022-06-01 12:00:00,291,CAL,1550,2639,0,926,77,2277,7243
2022-06-01 13:00:00,290,CAL,1258,2576,750,1491,77,2278,7487
2022-06-01 14:00:00,288,CAL,1187,1705,6984,680,77,2278,6507
2022-06-01 15:00:00,288,CAL,1216,1050,11949,614,76,2274,5511
2022-06-01 16:00:00,288,CAL,1360,908,13501,556,76,2277,5686
2022-06-01 17:00:00,289,CAL,1166,885,14687,538,77,2277,5668
2022-06-01 18:00:00,290,CAL,960,789,15136,514,76,2277,5744
2022-06-01 19:00:00,290,CAL,780,660,15326,560,80,2276,6150
2022-06-01 20:00:00,291,CAL,671,672,15503,595,80,2278,6451
2022-06-01 21:00:00,292,CAL,637,883,15485,873,80,2277,6613
2022-06-01 22:00:00,290,CAL,737,1441,15130,875,80,2278,8012
2022-06-01 23:00:00,290,CAL,975,2480,14400,730,80,2278,8981
2022-06-02 00:00:00,293,CAL,1191,3109,13129,1038,80,2278,10429
2022-06-02 01:00:00,293,CAL,1645,4350,10033,916,80,2277,12170
2022-06-02 02:00:00,292,CAL,2762,5482,3640,1928,83,2278,15189
2022-06-02 03:00:00,291,CAL,2856,5814,290,1926,83,2278,16007
2022-06-02 04:00:00,290,CAL,3004,5212,116,2160,82,2278,15427
2022-06-02 05:00:00,290,CAL,3464,4212,59,1239,82,2277,14450
2022-06-02 06:00:00,293,CAL,3506,3384,19,1029,81,2280,12592
2022-06-02 07:00:00,293,CAL,3335,3221,10,994,82,2278,9779
2022-06-02 08:00:00,294,CAL,3333,3025,10,758,82,2276,8742
2022-06-02 09:00:00,293,CAL,3427,2980,11,746,82,2278,7293
2022-06-02 10:00:00,291,CAL,3240,2934,10,767,83,2278,7290
2022-06-02 11:00:00,292,CAL,3180,2974,9,696,82,2274,7103
2022-06-02 12:00:00,293,CAL,3104,3257,7,680,83,2273,7005
2022-06-02 13:00:00,292,CAL,2793,2950,1081,1581,84,2272,7394
2022-06-02 14:00:00,292,CAL,2553,1987,6587,1179,84,2271,5754
2022-06-02 15:00:00,292,CAL,2552,1644,11014,1108,83,2270,6210
2022-06-02 16:00:00,291,CAL,2301,1364,13587,612,81,2271,6678
2022-06-02 17:00:00,292,CAL,2128,804,14567,606,85,2270,7345
2022-06-02 18:00:00,291,CAL,2286,517,14854,599,85,2269,7686
2022-06-02 19:00:00,292,CAL,2247,715,14894,612,84,2273,7169
2022-06-02 20:00:00,291,CAL,1908,781,15016,876,84,2272,7432
2022-06-02 21:00:00,288,CAL,2546,1186,14611,828,85,2271,7357
2022-06-02 22:00:00,287,CAL,3250,1745,14120,875,84,2276,7662
2022-06-02 23:00:00,289,CAL,3657,2565,12815,800,85,2275,8418
2022-06-03 00:00:00,292,CAL,4032,3415,11334,1098,85,2276,9228
2022-06-03 01:00:00,290,CAL,4319,4592,7487,1008,84,2275,11083
2022-06-03 02:00:00,289,CAL,4336,5603,2483,1650,84,2278,13268
2022-06-03 03:00:00,288,CAL,4411,5830,230,1860,84,2275,13730
2022-06-03 04:00:00,288,CAL,4909,5337,143,2103,82,2276,12846
2022-06-03 05:00:00,290,CAL,4945,4131,-7,1541,83,2275,12080
2022-06-03 06:00:00,289,CAL,5085,3606,-8,1260,85,2277,9696
2022-06-03 07:00:00,287,CAL,5037,2911,-7,1517,84,2276,7857
2022-06-03 08:00:00,287,CAL,4766,2703,-7,992,84,2278,7073
2022-06-03 09:00:00,285,CAL,4690,2617,-6,867,85,2276,6206
2022-06-03 10:00:00,287,CAL,4761,2644,-7,869,84,2276,5718
2022-06-03 11:00:00,287,CAL,4826,2638,-7,682,84,2276,5242
2022-06-03 12:00:00,288,CAL,4557,2931,-10,963,84,2275,5795
2022-06-03 13:00:00,290,CAL,4273,2872,696,1032,84,2275,6808
2022-06-03 14:00:00,289,CAL,4044,2017,6325,1023,85,2277,6433
2022-06-03 15:00:00,288,CAL,4140,1715,9756,633,85,2275,5095
2022-06-03 16:00:00,290,CAL,4466,1176,12234,625,86,2277,5987
2022-06-03 17:00:00,289,CAL,4632,1088,13462,618,86,2276,5888
2022-06-03 18:00:00,289,CAL,4758,578,14120,611,86,2276,6018
2022-06-03 19:00:00,289,CAL,4632,529,14483,614,86,2276,5704
2022-06-03 20:00:00,290,CAL,4793,746,14335,861,85,2277,5718
2022-06-03 21:00:00,290,CAL,4971,857,14218,771,85,2276,5190
2022-06-03 22:00:00,289,CAL,5251,1022,13454,941,86,2276,5195
2022-06-03 23:00:00,288,CAL,5556,1709,13066,675,86,2276,5838
2022-06-04 00:00:00,287,CAL,5484,2762,11465,705,85,2276,6470
2022-06-04 01:00:00,289,CAL,5334,4248,7476,1445,84,2276,7397
2022-06-04 02:00:00,288,CAL,4909,5515,2258,1913,85,2278,10138
2022-06-04 03:00:00,287,CAL,4719,5439,311,2581,85,2277,10628
2022-06-04 04:00:00,287,CAL,5112,5509,106,1992,85,2275,10592
2022-06-04 05:00:00,288,CAL,5123,4397,35,1797,84,2273,9614
2022-06-04 06:00:00,289,CAL,4495,3433,34,1282,85,2275,8994
2022-06-04 07:00:00,290,CAL,4643,3106,-5,981,85,2277,7617
