unit,date,year,month,month_date,weekday,coal,oil,gas,nuclear,hydro,wind,solar,other,fossil,low.carbon,total.prod,coal.perc,oil.perc,gas.perc,nuclear.perc,hydro.perc,wind.perc,solar.perc,other.perc,fossil.perc,low.carbon.perc,biomass
Gwh,2016-01-01,2016,1,01-01,Friday,0.0,0.0,0.0,0.0,0.0,0.0,0.0,0.0,0.0,0.0,0.0,,,,,,,,,,,0.0
Gwh,2016-01-02,2016,1,01-02,Saturday,0.0,0.0,0.0,0.0,0.0,0.0,0.0,0.0,0.0,0.0,0.0,,,,,,,,,,,0.0
Gwh,2016-01-03,2016,1,01-03,Sunday,0.0,0.0,0.0,0.0,0.0,0.0,0.0,0.0,0.0,0.0,0.0,,,,,,,,,,,0.0
Gwh,2016-01-04,2016,1,01-04,Monday,0.0,0.0,0.0,0.0,0.0,0.0,0.0,0.0,0.0,0.0,0.0,,,,,,,,,,,0.0
Gwh,2016-01-05,2016,1,01-05,Tuesday,0.0,0.0,0.0,0.0,0.0,0.0,0.0,0.0,0.0,0.0,0.0,,,,,,,,,,,0.0
Gwh,2016-01-06,2016,1,01-06,Wednesday,0.0,0.0,0.0,0.0,0.0,0.0,0.0,0.0,0.0,0.0,0.0,,,,,,,,,,,0.0
Gwh,2016-01-07,2016,1,01-07,Thursday,0.0,0.0,0.0,0.0,0.0,0.0,0.0,0.0,0.0,0.0,0.0,,,,,,,,,,,0.0
Gwh,2016-01-08,2016,1,01-08,Friday,0.0,0.0,0.0,0.0,0.0,0.0,0.0,0.0,0.0,0.0,0.0,,,,,,,,,,,0.0
Gwh,2016-01-09,2016,1,01-09,Saturday,0.0,0.0,0.0,0.0,0.0,0.0,0.0,0.0,0.0,0.0,0.0,,,,,,,,,,,0.0
Gwh,2016-01-10,2016,1,01-10,Sunday,0.0,0.0,0.0,0.0,0.0,0.0,0.0,0.0,0.0,0.0,0.0,,,,,,,,,,,0.0
Gwh,2016-01-11,2016,1,01-11,Monday,0.0,0.0,0.0,0.0,0.0,0.0,0.0,0.0,0.0,0.0,0.0,,,,,,,,,,,0.0
Gwh,2016-01-12,2016,1,01-12,Tuesday,0.0,0.0,0.0,0.0,0.0,0.0,0.0,0.0,0.0,0.0,0.0,,,,,,,,,,,0.0
Gwh,2016-01-13,2016,1,01-13,Wednesday,0.0,0.0,0.0,0.0,0.0,0.0,0.0,0.0,0.0,0.0,0.0,,,,,,,,,,,0.0
Gwh,2016-01-14,2016,1,01-14,Thursday,0.0,0.0,0.0,0.0,0.0,0.0,0.0,0.0,0.0,0.0,0.0,,,,,,,,,,,0.0
Gwh,2016-01-15,2016,1,01-15,Friday,0.0,0.0,0.0,0.0,0.0,0.0,0.0,0.0,0.0,0.0,0.0,,,,,,,,,,,0.0
Gwh,2016-01-16,2016,1,01-16,Saturday,0.0,0.0,0.0,0.0,0.0,0.0,0.0,0.0,0.0,0.0,0.0,,,,,,,,,,,0.0
Gwh,2016-01-17,2016,1,01-17,Sunday,0.0,0.0,0.0,0.0,0.0,0.0,0.0,0.0,0.0,0.0,0.0,,,,,,,,,,,0.0
Gwh,2016-01-18,2016,1,01-18,Monday,0.0,0.0,0.0,0.0,0.0,0.0,0.0,0.0,0.0,0.0,0.0,,,,,,,,,,,0.0
Gwh,2016-01-19,2016,1,01-19,Tuesday,0.0,0.0,0.0,0.0,0.0,0.0,0.0,0.0,0.0,0.0,0.0,,,,,,,,,,,0.0
Gwh,2016-01-20,2016,1,01-20,Wednesday,0.0,0.0,0.0,0.0,0.0,0.0,0.0,0.0,0.0,0.0,0.0,,,,,,,,,,,0.0
Gwh,2016-01-21,2016,1,01-21,Thursday,0.0,0.0,0.0,0.0,0.0,0.0,0.0,0.0,0.0,0.0,0.0,,,,,,,,,,,0.0
Gwh,2016-01-22,2016,1,01-22,Friday,0.0,0.0,0.0,0.0,0.0,0.0,0.0,0.0,0.0,0.0,0.0,,,,,,,,,,,0.0
Gwh,2016-01-23,2016,1,01-23,Saturday,0.0,0.0,0.0,0.0,0.0,0.0,0.0,0.0,0.0,0.0,0.0,,,,,,,,,,,0.0
Gwh,2016-01-24,2016,1,01-24,Sunday,0.0,0.0,0.0,0.0,0.0,0.0,0.0,0.0,0.0,0.0,0.0,,,,,,,,,,,0.0
Gwh,2016-01-25,2016,1,01-25,Monday,0.0,0.0,0.0,0.0,0.0,0.0,0.0,0.0,0.0,0.0,0.0,,,,,,,,,,,0.0
Gwh,2016-01-26,2016,1,01-26,Tuesday,0.0,0.0,0.0,0.0,0.0,0.0,0.0,0.0,0.0,0.0,0.0,,,,,,,,,,,0.0
Gwh,2016-01-27,2016,1,01-27,Wednesday,0.0,0.0,0.0,0.0,0.0,0.0,0.0,0.0,0.0,0.0,0.0,,,,,,,,,,,0.0
Gwh,2016-01-28,2016,1,01-28,Thursday,0.0,0.0,0.0,0.0,0.0,0.0,0.0,0.0,0.0,0.0,0.0,,,,,,,,,,,0.0
Gwh,2016-01-29,2016,1,01-29,Friday,0.0,0.0,0.0,0.0,0.0,0.0,0.0,0.0,0.0,0.0,0.0,,,,,,,,,,,0.0
Gwh,2016-01-30,2016,1,01-30,Saturday,0.0,0.0,0.0,0.0,0.0,0.0,0.0,0.0,0.0,0.0,0.0,,,,,,,,,,,0.0
Gwh,2016-01-31,2016,1,01-31,Sunday,0.0,0.0,0.0,0.0,0.0,0.0,0.0,0.0,0.0,0.0,0.0,,,,,,,,,,,0.0
Gwh,2016-02-01,2016,2,02-01,Monday,0.0,0.0,0.0,0.0,0.0,0.0,0.0,0.0,0.0,0.0,0.0,,,,,,,,,,,0.0
Gwh,2016-02-02,2016,2,02-02,Tuesday,0.0,0.0,0.0,0.0,0.0,0.0,0.0,0.0,0.0,0.0,0.0,,,,,,,,,,,0.0
Gwh,2016-02-03,2016,2,02-03,Wednesday,0.0,0.0,0.0,0.0,0.0,0.0,0.0,0.0,0.0,0.0,0.0,,,,,,,,,,,0.0
Gwh,2016-02-04,2016,2,02-04,Thursday,0.0,0.0,0.0,0.0,0.0,0.0,0.0,0.0,0.0,0.0,0.0,,,,,,,,,,,0.0
Gwh,2016-02-05,2016,2,02-05,Friday,0.0,0.0,0.0,0.0,0.0,0.0,0.0,0.0,0.0,0.0,0.0,,,,,,,,,,,0.0
Gwh,2016-02-06,2016,2,02-06,Saturday,0.0,0.0,0.0,0.0,0.0,0.0,0.0,0.0,0.0,0.0,0.0,,,,,,,,,,,0.0
Gwh,2016-02-07,2016,2,02-07,Sunday,0.0,0.0,0.0,0.0,0.0,0.0,0.0,0.0,0.0,0.0,0.0,,,,,,,,,,,0.0
Gwh,2016-02-08,2016,2,02-08,Monday,0.0,0.0,0.0,0.0,0.0,0.0,0.0,0.0,0.0,0.0,0.0,,,,,,,,,,,0.0
Gwh,2016-02-09,2016,2,02-09,Tuesday,0.0,0.0,0.0,0.0,0.0,0.0,0.0,0.0,0.0,0.0,0.0,,,,,,,,,,,0.0
Gwh,2016-02-10,2016,2,02-10,Wednesday,0.0,0.0,0.0,0.0,0.0,0.0,0.0,0.0,0.0,0.0,0.0,,,,,,,,,,,0.0
Gwh,2016-02-11,2016,2,02-11,Thursday,0.0,0.0,0.0,0.0,0.0,0.0,0.0,0.0,0.0,0.0,0.0,,,,,,,,,,,0.0
Gwh,2016-02-12,2016,2,02-12,Friday,0.0,0.0,0.0,0.0,0.0,0.0,0.0,0.0,0.0,0.0,0.0,,,,,,,,,,,0.0
Gwh,2016-02-13,2016,2,02-13,Saturday,0.0,0.0,0.0,0.0,0.0,0.0,0.0,0.0,0.0,0.0,0.0,,,,,,,,,,,0.0
Gwh,2016-02-14,2016,2,02-14,Sunday,0.0,0.0,0.0,0.0,0.0,0.0,0.0,0.0,0.0,0.0,0.0,,,,,,,,,,,0.0
Gwh,2016-02-15,2016,2,02-15,Monday,0.0,0.0,0.0,0.0,0.0,0.0,0.0,0.0,0.0,0.0,0.0,,,,,,,,,,,0.0
Gwh,2016-02-16,2016,2,02-16,Tuesday,0.0,0.0,0.0,0.0,0.0,0.0,0.0,0.0,0.0,0.0,0.0,,,,,,,,,,,0.0
Gwh,2016-02-17,2016,2,02-17,Wednesday,0.0,0.0,0.0,0.0,0.0,0.0,0.0,0.0,0.0,0.0,0.0,,,,,,,,,,,0.0
Gwh,2016-02-18,2016,2,02-18,Thursday,0.0,0.0,0.0,0.0,0.0,0.0,0.0,0.0,0.0,0.0,0.0,,,,,,,,,,,0.0
Gwh,2016-02-19,2016,2,02-19,Friday,0.0,0.0,0.0,0.0,0.0,0.0,0.0,0.0,0.0,0.0,0.0,,,,,,,,,,,0.0
Gwh,2016-02-20,2016,2,02-20,Saturday,0.0,0.0,0.0,0.0,0.0,0.0,0.0,0.0,0.0,0.0,0.0,,,,,,,,,,,0.0
Gwh,2016-02-21,2016,2,02-21,Sunday,0.0,0.0,0.0,0.0,0.0,0.0,0.0,0.0,0.0,0.0,0.0,,,,,,,,,,,0.0
Gwh,2016-02-22,2016,2,02-22,Monday,0.0,0.0,0.0,0.0,0.0,0.0,0.0,0.0,0.0,0.0,0.0,,,,,,,,,,,0.0
Gwh,2016-02-23,2016,2,02-23,Tuesday,0.0,0.0,0.0,0.0,0.0,0.0,0.0,0.0,0.0,0.0,0.0,,,,,,,,,,,0.0
Gwh,2016-02-24,2016,2,02-24,Wednesday,0.0,0.0,0.0,0.0,0.0,0.0,0.0,0.0,0.0,0.0,0.0,,,,,,,,,,,0.0
Gwh,2016-02-25,2016,2,02-25,Thursday,0.0,0.0,0.0,0.0,0.0,0.0,0.0,0.0,0.0,0.0,0.0,,,,,,,,,,,0.0
Gwh,2016-02-26,2016,2,02-26,Friday,0.0,0.0,0.0,0.0,0.0,0.0,0.0,0.0,0.0,0.0,0.0,,,,,,,,,,,0.0
Gwh,2016-02-27,2016,2,02-27,Saturday,0.0,0.0,0.0,0.0,0.0,0.0,0.0,0.0,0.0,0.0,0.0,,,,,,,,,,,0.0
Gwh,2016-02-28,2016,2,02-28,Sunday,0.0,0.0,0.0,0.0,0.0,0.0,0.0,0.0,0.0,0.0,0.0,,,,,,,,,,,0.0
Gwh,2016-02-29,2016,2,02-29,Monday,0.0,0.0,0.0,0.0,0.0,0.0,0.0,0.0,0.0,0.0,0.0,,,,,,,,,,,0.0
Gwh,2016-03-01,2016,3,03-01,Tuesday,0.0,0.0,0.0,0.0,0.0,0.0,0.0,0.0,0.0,0.0,0.0,,,,,,,,,,,0.0
Gwh,2016-03-02,2016,3,03-02,Wednesday,0.0,0.0,0.0,0.0,0.0,0.0,0.0,0.0,0.0,0.0,0.0,,,,,,,,,,,0.0
Gwh,2016-03-03,2016,3,03-03,Thursday,0.0,0.0,0.0,0.0,0.0,0.0,0.0,0.0,0.0,0.0,0.0,,,,,,,,,,,0.0
Gwh,2016-03-04,2016,3,03-04,Friday,0.0,0.0,0.0,0.0,0.0,0.0,0.0,0.0,0.0,0.0,0.0,,,,,,,,,,,0.0
Gwh,2016-03-05,2016,3,03-05,Saturday,0.0,0.0,0.0,0.0,0.0,0.0,0.0,0.0,0.0,0.0,0.0,,,,,,,,,,,0.0
Gwh,2016-03-06,2016,3,03-06,Sunday,0.0,0.0,0.0,0.0,0.0,0.0,0.0,0.0,0.0,0.0,0.0,,,,,,,,,,,0.0
Gwh,2016-03-07,2016,3,03-07,Monday,0.0,0.0,0.0,0.0,0.0,0.0,0.0,0.0,0.0,0.0,0.0,,,,,,,,,,,0.0
Gwh,2016-03-08,2016,3,03-08,Tuesday,0.0,0.0,0.0,0.0,0.0,0.0,0.0,0.0,0.0,0.0,0.0,,,,,,,,,,,0.0
Gwh,2016-03-09,2016,3,03-09,Wednesday,0.0,0.0,0.0,0.0,0.0,0.0,0.0,0.0,0.0,0.0,0.0,,,,,,,,,,,0.0
Gwh,2016-03-10,2016,3,03-10,Thursday,0.0,0.0,0.0,0.0,0.0,0.0,0.0,0.0,0.0,0.0,0.0,,,,,,,,,,,0.0
Gwh,2016-03-11,2016,3,03-11,Friday,0.0,0.0,0.0,0.0,0.0,0.0,0.0,0.0,0.0,0.0,0.0,,,,,,,,,,,0.0
Gwh,2016-03-12,2016,3,03-12,Saturday,0.0,0.0,0.0,0.0,0.0,0.0,0.0,0.0,0.0,0.0,0.0,,,,,,,,,,,0.0
Gwh,2016-03-13,2016,3,03-13,Sunday,0.0,0.0,0.0,0.0,0.0,0.0,0.0,0.0,0.0,0.0,0.0,,,,,,,,,,,0.0
Gwh,2016-03-14,2016,3,03-14,Monday,0.0,0.0,0.0,0.0,0.0,0.0,0.0,0.0,0.0,0.0,0.0,,,,,,,,,,,0.0
Gwh,2016-03-15,2016,3,03-15,Tuesday,0.0,0.0,0.0,0.0,0.0,0.0,0.0,0.0,0.0,0.0,0.0,,,,,,,,,,,0.0
Gwh,2016-03-16,2016,3,03-16,Wednesday,0.0,0.0,0.0,0.0,0.0,0.0,0.0,0.0,0.0,0.0,0.0,,,,,,,,,,,0.0
Gwh,2016-03-17,2016,3,03-17,Thursday,0.0,0.0,0.0,0.0,0.0,0.0,0.0,0.0,0.0,0.0,0.0,,,,,,,,,,,0.0
Gwh,2016-03-18,2016,3,03-18,Friday,0.0,0.0,0.0,0.0,0.0,0.0,0.0,0.0,0.0,0.0,0.0,,,,,,,,,,,0.0
Gwh,2016-03-19,2016,3,03-19,Saturday,0.0,0.0,0.0,0.0,0.0,0.0,0.0,0.0,0.0,0.0,0.0,,,,,,,,,,,0.0
Gwh,2016-03-20,2016,3,03-20,Sunday,0.0,0.0,0.0,0.0,0.0,0.0,0.0,0.0,0.0,0.0,0.0,,,,,,,,,,,0.0
Gwh,2016-03-21,2016,3,03-21,Monday,0.0,0.0,0.0,0.0,0.0,0.0,0.0,0.0,0.0,0.0,0.0,,,,,,,,,,,0.0
Gwh,2016-03-22,2016,3,03-22,Tuesday,0.0,0.0,0.0,0.0,0.0,0.0,0.0,0.0,0.0,0.0,0.0,,,,,,,,,,,0.0
Gwh,2016-03-23,2016,3,03-23,Wednesday,0.0,0.0,0.0,0.0,0.0,0.0,0.0,0.0,0.0,0.0,0.0,,,,,,,,,,,0.0
Gwh,2016-03-24,2016,3,03-24,Thursday,0.0,0.0,0.0,0.0,0.0,0.0,0.0,0.0,0.0,0.0,0.0,,,,,,,,,,,0.0
Gwh,2016-03-25,2016,3,03-25,Friday,0.0,0.0,0.0,0.0,0.0,0.0,0.0,0.0,0.0,0.0,0.0,,,,,,,,,,,0.0
Gwh,2016-03-26,2016,3,03-26,Saturday,0.0,0.0,0.0,0.0,0.0,0.0,0.0,0.0,0.0,0.0,0.0,,,,,,,,,,,0.0
Gwh,2016-03-27,2016,3,03-27,Sunday,0.0,0.0,0.0,0.0,0.0,0.0,0.0,0.0,0.0,0.0,0.0,,,,,,,,,,,0.0
Gwh,2016-03-28,2016,3,03-28,Monday,0.0,0.0,0.0,0.0,0.0,0.0,0.0,0.0,0.0,0.0,0.0,,,,,,,,,,,0.0
Gwh,2016-03-29,2016,3,03-29,Tuesday,0.0,0.0,0.0,0.0,0.0,0.0,0.0,0.0,0.0,0.0,0.0,,,,,,,,,,,0.0
Gwh,2016-03-30,2016,3,03-30,Wednesday,0.0,0.0,0.0,0.0,0.0,0.0,0.0,0.0,0.0,0.0,0.0,,,,,,,,,,,0.0
Gwh,2016-03-31,2016,3,03-31,Thursday,0.0,0.0,0.0,0.0,0.0,0.0,0.0,0.0,0.0,0.0,0.0,,,,,,,,,,,0.0
Gwh,2016-04-01,2016,4,04-01,Friday,0.0,0.0,0.0,0.0,0.0,0.0,0.0,0.0,0.0,0.0,0.0,,,,,,,,,,,0.0
Gwh,2016-04-02,2016,4,04-02,Saturday,0.0,0.0,0.0,0.0,0.0,0.0,0.0,0.0,0.0,0.0,0.0,,,,,,,,,,,0.0
Gwh,2016-04-03,2016,4,04-03,Sunday,0.0,0.0,0.0,0.0,0.0,0.0,0.0,0.0,0.0,0.0,0.0,,,,,,,,,,,0.0
Gwh,2016-04-04,2016,4,04-04,Monday,0.0,0.0,0.0,0.0,0.0,0.0,0.0,0.0,0.0,0.0,0.0,,,,,,,,,,,0.0
Gwh,2016-04-05,2016,4,04-05,Tuesday,0.0,0.0,0.0,0.0,0.0,0.0,0.0,0.0,0.0,0.0,0.0,,,,,,,,,,,0.0
Gwh,2016-04-06,2016,4,04-06,Wednesday,0.0,0.0,0.0,0.0,0.0,0.0,0.0,0.0,0.0,0.0,0.0,,,,,,,,,,,0.0
Gwh,2016-04-07,2016,4,04-07,Thursday,0.0,0.0,0.0,0.0,0.0,0.0,0.0,0.0,0.0,0.0,0.0,,,,,,,,,,,0.0
Gwh,2016-04-08,2016,4,04-08,Friday,0.0,0.0,0.0,0.0,0.0,0.0,0.0,0.0,0.0,0.0,0.0,,,,,,,,,,,0.0
Gwh,2016-04-09,2016,4,04-09,Saturday,0.0,0.0,0.0,0.0,0.0,0.0,0.0,0.0,0.0,0.0,0.0,,,,,,,,,,,0.0
Gwh,2016-04-10,2016,4,04-10,Sunday,0.0,0.0,0.0,0.0,0.0,0.0,0.0,0.0,0.0,0.0,0.0,,,,,,,,,,,0.0
Gwh,2016-04-11,2016,4,04-11,Monday,0.0,0.0,0.0,0.0,0.0,0.0,0.0,0.0,0.0,0.0,0.0,,,,,,,,,,,0.0
Gwh,2016-04-12,2016,4,04-12,Tuesday,0.0,0.0,0.0,0.0,0.0,0.0,0.0,0.0,0.0,0.0,0.0,,,,,,,,,,,0.0
Gwh,2016-04-13,2016,4,04-13,Wednesday,0.0,0.0,0.0,0.0,0.0,0.0,0.0,0.0,0.0,0.0,0.0,,,,,,,,,,,0.0
Gwh,2016-04-14,2016,4,04-14,Thursday,0.0,0.0,0.0,0.0,0.0,0.0,0.0,0.0,0.0,0.0,0.0,,,,,,,,,,,0.0
Gwh,2016-04-15,2016,4,04-15,Friday,0.0,0.0,0.0,0.0,0.0,0.0,0.0,0.0,0.0,0.0,0.0,,,,,,,,,,,0.0
Gwh,2016-04-16,2016,4,04-16,Saturday,0.0,0.0,0.0,0.0,0.0,0.0,0.0,0.0,0.0,0.0,0.0,,,,,,,,,,,0.0
Gwh,2016-04-17,2016,4,04-17,Sunday,0.0,0.0,0.0,0.0,0.0,0.0,0.0,0.0,0.0,0.0,0.0,,,,,,,,,,,0.0
Gwh,2016-04-18,2016,4,04-18,Monday,0.0,0.0,0.0,0.0,0.0,0.0,0.0,0.0,0.0,0.0,0.0,,,,,,,,,,,0.0
Gwh,2016-04-19,2016,4,04-19,Tuesday,0.0,0.0,0.0,0.0,0.0,0.0,0.0,0.0,0.0,0.0,0.0,,,,,,,,,,,0.0
Gwh,2016-04-20,2016,4,04-20,Wednesday,0.0,0.0,0.0,0.0,0.0,0.0,0.0,0.0,0.0,0.0,0.0,,,,,,,,,,,0.0
Gwh,2016-04-21,2016,4,04-21,Thursday,0.0,0.0,0.0,0.0,0.0,0.0,0.0,0.0,0.0,0.0,0.0,,,,,,,,,,,0.0
Gwh,2016-04-22,2016,4,04-22,Friday,0.0,0.0,0.0,0.0,0.0,0.0,0.0,0.0,0.0,0.0,0.0,,,,,,,,,,,0.0
Gwh,2016-04-23,2016,4,04-23,Saturday,0.0,0.0,0.0,0.0,0.0,0.0,0.0,0.0,0.0,0.0,0.0,,,,,,,,,,,0.0
Gwh,2016-04-24,2016,4,04-24,Sunday,0.0,0.0,0.0,0.0,0.0,0.0,0.0,0.0,0.0,0.0,0.0,,,,,,,,,,,0.0
Gwh,2016-04-25,2016,4,04-25,Monday,0.0,0.0,0.0,0.0,0.0,0.0,0.0,0.0,0.0,0.0,0.0,,,,,,,,,,,0.0
Gwh,2016-04-26,2016,4,04-26,Tuesday,0.0,0.0,0.0,0.0,0.0,0.0,0.0,0.0,0.0,0.0,0.0,,,,,,,,,,,0.0
Gwh,2016-04-27,2016,4,04-27,Wednesday,0.0,0.0,0.0,0.0,0.0,0.0,0.0,0.0,0.0,0.0,0.0,,,,,,,,,,,0.0
Gwh,2016-04-28,2016,4,04-28,Thursday,0.0,0.0,0.0,0.0,0.0,0.0,0.0,0.0,0.0,0.0,0.0,,,,,,,,,,,0.0
Gwh,2016-04-29,2016,4,04-29,Friday,0.0,0.0,0.0,0.0,0.0,0.0,0.0,0.0,0.0,0.0,0.0,,,,,,,,,,,0.0
Gwh,2016-04-30,2016,4,04-30,Saturday,0.0,0.0,0.0,0.0,0.0,0.0,0.0,0.0,0.0,0.0,0.0,,,,,,,,,,,0.0
Gwh,2016-05-01,2016,5,05-01,Sunday,0.0,0.0,0.0,0.0,0.0,0.0,0.0,0.0,0.0,0.0,0.0,,,,,,,,,,,0.0
Gwh,2016-05-02,2016,5,05-02,Monday,0.0,0.0,0.0,0.0,0.0,0.0,0.0,0.0,0.0,0.0,0.0,,,,,,,,,,,0.0
Gwh,2016-05-03,2016,5,05-03,Tuesday,0.0,0.0,0.0,0.0,0.0,0.0,0.0,0.0,0.0,0.0,0.0,,,,,,,,,,,0.0
Gwh,2016-05-04,2016,5,05-04,Wednesday,0.0,0.0,0.0,0.0,0.0,0.0,0.0,0.0,0.0,0.0,0.0,,,,,,,,,,,0.0
Gwh,2016-05-05,2016,5,05-05,Thursday,0.0,0.0,0.0,0.0,0.0,0.0,0.0,0.0,0.0,0.0,0.0,,,,,,,,,,,0.0
Gwh,2016-05-06,2016,5,05-06,Friday,0.0,0.0,0.0,0.0,0.0,0.0,0.0,0.0,0.0,0.0,0.0,,,,,,,,,,,0.0
Gwh,2016-05-07,2016,5,05-07,Saturday,0.0,0.0,0.0,0.0,0.0,0.0,0.0,0.0,0.0,0.0,0.0,,,,,,,,,,,0.0
Gwh,2016-05-08,2016,5,05-08,Sunday,0.0,0.0,0.0,0.0,0.0,0.0,0.0,0.0,0.0,0.0,0.0,,,,,,,,,,,0.0
Gwh,2016-05-09,2016,5,05-09,Monday,0.0,0.0,0.0,0.0,0.0,0.0,0.0,0.0,0.0,0.0,0.0,,,,,,,,,,,0.0
Gwh,2016-05-10,2016,5,05-10,Tuesday,0.0,0.0,0.0,0.0,0.0,0.0,0.0,0.0,0.0,0.0,0.0,,,,,,,,,,,0.0
Gwh,2016-05-11,2016,5,05-11,Wednesday,0.0,0.0,0.0,0.0,0.0,0.0,0.0,0.0,0.0,0.0,0.0,,,,,,,,,,,0.0
Gwh,2016-05-12,2016,5,05-12,Thursday,0.0,0.0,0.0,0.0,0.0,0.0,0.0,0.0,0.0,0.0,0.0,,,,,,,,,,,0.0
Gwh,2016-05-13,2016,5,05-13,Friday,0.0,0.0,0.0,0.0,0.0,0.0,0.0,0.0,0.0,0.0,0.0,,,,,,,,,,,0.0
Gwh,2016-05-14,2016,5,05-14,Saturday,0.0,0.0,0.0,0.0,0.0,0.0,0.0,0.0,0.0,0.0,0.0,,,,,,,,,,,0.0
Gwh,2016-05-15,2016,5,05-15,Sunday,0.0,0.0,0.0,0.0,0.0,0.0,0.0,0.0,0.0,0.0,0.0,,,,,,,,,,,0.0
Gwh,2016-05-16,2016,5,05-16,Monday,0.0,0.0,0.0,0.0,0.0,0.0,0.0,0.0,0.0,0.0,0.0,,,,,,,,,,,0.0
Gwh,2016-05-17,2016,5,05-17,Tuesday,0.0,0.0,0.0,0.0,0.0,0.0,0.0,0.0,0.0,0.0,0.0,,,,,,,,,,,0.0
Gwh,2016-05-18,2016,5,05-18,Wednesday,0.0,0.0,0.0,0.0,0.0,0.0,0.0,0.0,0.0,0.0,0.0,,,,,,,,,,,0.0
Gwh,2016-05-19,2016,5,05-19,Thursday,0.0,0.0,0.0,0.0,0.0,0.0,0.0,0.0,0.0,0.0,0.0,,,,,,,,,,,0.0
Gwh,2016-05-20,2016,5,05-20,Friday,0.0,0.0,0.0,0.0,0.0,0.0,0.0,0.0,0.0,0.0,0.0,,,,,,,,,,,0.0
Gwh,2016-05-21,2016,5,05-21,Saturday,0.0,0.0,0.0,0.0,0.0,0.0,0.0,0.0,0.0,0.0,0.0,,,,,,,,,,,0.0
Gwh,2016-05-22,2016,5,05-22,Sunday,0.0,0.0,0.0,0.0,0.0,0.0,0.0,0.0,0.0,0.0,0.0,,,,,,,,,,,0.0
Gwh,2016-05-23,2016,5,05-23,Monday,0.0,0.0,0.0,0.0,0.0,0.0,0.0,0.0,0.0,0.0,0.0,,,,,,,,,,,0.0
Gwh,2016-05-24,2016,5,05-24,Tuesday,0.0,0.0,0.0,0.0,0.0,0.0,0.0,0.0,0.0,0.0,0.0,,,,,,,,,,,0.0
Gwh,2016-05-25,2016,5,05-25,Wednesday,0.0,0.0,0.0,0.0,0.0,0.0,0.0,0.0,0.0,0.0,0.0,,,,,,,,,,,0.0
Gwh,2016-05-26,2016,5,05-26,Thursday,0.0,0.0,0.0,0.0,0.0,0.0,0.0,0.0,0.0,0.0,0.0,,,,,,,,,,,0.0
Gwh,2016-05-27,2016,5,05-27,Friday,0.0,0.0,0.0,0.0,0.0,0.0,0.0,0.0,0.0,0.0,0.0,,,,,,,,,,,0.0
Gwh,2016-05-28,2016,5,05-28,Saturday,0.0,0.0,0.0,0.0,0.0,0.0,0.0,0.0,0.0,0.0,0.0,,,,,,,,,,,0.0
Gwh,2016-05-29,2016,5,05-29,Sunday,0.0,0.0,0.0,0.0,0.0,0.0,0.0,0.0,0.0,0.0,0.0,,,,,,,,,,,0.0
Gwh,2016-05-30,2016,5,05-30,Monday,0.0,0.0,0.0,0.0,0.0,0.0,0.0,0.0,0.0,0.0,0.0,,,,,,,,,,,0.0
Gwh,2016-05-31,2016,5,05-31,Tuesday,0.0,0.0,0.0,0.0,0.0,0.0,0.0,0.0,0.0,0.0,0.0,,,,,,,,,,,0.0
Gwh,2016-06-01,2016,6,06-01,Wednesday,0.0,0.0,0.0,0.0,0.0,0.0,0.0,0.0,0.0,0.0,0.0,,,,,,,,,,,0.0
Gwh,2016-06-02,2016,6,06-02,Thursday,0.0,0.0,0.0,0.0,0.0,0.0,0.0,0.0,0.0,0.0,0.0,,,,,,,,,,,0.0
Gwh,2016-06-03,2016,6,06-03,Friday,0.0,0.0,0.0,0.0,0.0,0.0,0.0,0.0,0.0,0.0,0.0,,,,,,,,,,,0.0
Gwh,2016-06-04,2016,6,06-04,Saturday,0.0,0.0,0.0,0.0,0.0,0.0,0.0,0.0,0.0,0.0,0.0,,,,,,,,,,,0.0
Gwh,2016-06-05,2016,6,06-05,Sunday,0.0,0.0,0.0,0.0,0.0,0.0,0.0,0.0,0.0,0.0,0.0,,,,,,,,,,,0.0
Gwh,2016-06-06,2016,6,06-06,Monday,0.0,0.0,0.0,0.0,0.0,0.0,0.0,0.0,0.0,0.0,0.0,,,,,,,,,,,0.0
Gwh,2016-06-07,2016,6,06-07,Tuesday,0.0,0.0,0.0,0.0,0.0,0.0,0.0,0.0,0.0,0.0,0.0,,,,,,,,,,,0.0
Gwh,2016-06-08,2016,6,06-08,Wednesday,0.0,0.0,0.0,0.0,0.0,0.0,0.0,0.0,0.0,0.0,0.0,,,,,,,,,,,0.0
Gwh,2016-06-09,2016,6,06-09,Thursday,0.0,0.0,0.0,0.0,0.0,0.0,0.0,0.0,0.0,0.0,0.0,,,,,,,,,,,0.0
Gwh,2016-06-10,2016,6,06-10,Friday,0.0,0.0,0.0,0.0,0.0,0.0,0.0,0.0,0.0,0.0,0.0,,,,,,,,,,,0.0
Gwh,2016-06-11,2016,6,06-11,Saturday,0.0,0.0,0.0,0.0,0.0,0.0,0.0,0.0,0.0,0.0,0.0,,,,,,,,,,,0.0
Gwh,2016-06-12,2016,6,06-12,Sunday,0.0,0.0,0.0,0.0,0.0,0.0,0.0,0.0,0.0,0.0,0.0,,,,,,,,,,,0.0
Gwh,2016-06-13,2016,6,06-13,Monday,0.0,0.0,0.0,0.0,0.0,0.0,0.0,0.0,0.0,0.0,0.0,,,,,,,,,,,0.0
Gwh,2016-06-14,2016,6,06-14,Tuesday,0.0,0.0,0.0,0.0,0.0,0.0,0.0,0.0,0.0,0.0,0.0,,,,,,,,,,,0.0
Gwh,2016-06-15,2016,6,06-15,Wednesday,0.0,0.0,0.0,0.0,0.0,0.0,0.0,0.0,0.0,0.0,0.0,,,,,,,,,,,0.0
Gwh,2016-06-16,2016,6,06-16,Thursday,0.0,0.0,0.0,0.0,0.0,0.0,0.0,0.0,0.0,0.0,0.0,,,,,,,,,,,0.0
Gwh,2016-06-17,2016,6,06-17,Friday,0.0,0.0,0.0,0.0,0.0,0.0,0.0,0.0,0.0,0.0,0.0,,,,,,,,,,,0.0
Gwh,2016-06-18,2016,6,06-18,Saturday,0.0,0.0,0.0,0.0,0.0,0.0,0.0,0.0,0.0,0.0,0.0,,,,,,,,,,,0.0
Gwh,2016-06-19,2016,6,06-19,Sunday,0.0,0.0,0.0,0.0,0.0,0.0,0.0,0.0,0.0,0.0,0.0,,,,,,,,,,,0.0
Gwh,2016-06-20,2016,6,06-20,Monday,0.0,0.0,0.0,0.0,0.0,0.0,0.0,0.0,0.0,0.0,0.0,,,,,,,,,,,0.0
Gwh,2016-06-21,2016,6,06-21,Tuesday,0.0,0.0,0.0,0.0,0.0,0.0,0.0,0.0,0.0,0.0,0.0,,,,,,,,,,,0.0
Gwh,2016-06-22,2016,6,06-22,Wednesday,0.0,0.0,0.0,0.0,0.0,0.0,0.0,0.0,0.0,0.0,0.0,,,,,,,,,,,0.0
Gwh,2016-06-23,2016,6,06-23,Thursday,0.0,0.0,0.0,0.0,0.0,0.0,0.0,0.0,0.0,0.0,0.0,,,,,,,,,,,0.0
Gwh,2016-06-24,2016,6,06-24,Friday,0.0,0.0,0.0,0.0,0.0,0.0,0.0,0.0,0.0,0.0,0.0,,,,,,,,,,,0.0
Gwh,2016-06-25,2016,6,06-25,Saturday,0.0,0.0,0.0,0.0,0.0,0.0,0.0,0.0,0.0,0.0,0.0,,,,,,,,,,,0.0
Gwh,2016-06-26,2016,6,06-26,Sunday,0.0,0.0,0.0,0.0,0.0,0.0,0.0,0.0,0.0,0.0,0.0,,,,,,,,,,,0.0
Gwh,2016-06-27,2016,6,06-27,Monday,0.0,0.0,0.0,0.0,0.0,0.0,0.0,0.0,0.0,0.0,0.0,,,,,,,,,,,0.0
Gwh,2016-06-28,2016,6,06-28,Tuesday,0.0,0.0,0.0,0.0,0.0,0.0,0.0,0.0,0.0,0.0,0.0,,,,,,,,,,,0.0
Gwh,2016-06-29,2016,6,06-29,Wednesday,0.0,0.0,0.0,0.0,0.0,0.0,0.0,0.0,0.0,0.0,0.0,,,,,,,,,,,0.0
Gwh,2016-06-30,2016,6,06-30,Thursday,0.0,0.0,0.0,0.0,0.0,0.0,0.0,0.0,0.0,0.0,0.0,,,,,,,,,,,0.0
Gwh,2016-07-01,2016,7,07-01,Friday,0.0,0.0,0.0,0.0,0.0,0.0,0.0,0.0,0.0,0.0,0.0,,,,,,,,,,,0.0
Gwh,2016-07-02,2016,7,07-02,Saturday,0.0,0.0,0.0,0.0,0.0,0.0,0.0,0.0,0.0,0.0,0.0,,,,,,,,,,,0.0
Gwh,2016-07-03,2016,7,07-03,Sunday,0.0,0.0,0.0,0.0,0.0,0.0,0.0,0.0,0.0,0.0,0.0,,,,,,,,,,,0.0
Gwh,2016-07-04,2016,7,07-04,Monday,0.0,0.0,0.0,0.0,0.0,0.0,0.0,0.0,0.0,0.0,0.0,,,,,,,,,,,0.0
Gwh,2016-07-05,2016,7,07-05,Tuesday,0.0,0.0,0.0,0.0,0.0,0.0,0.0,0.0,0.0,0.0,0.0,,,,,,,,,,,0.0
Gwh,2016-07-06,2016,7,07-06,Wednesday,0.0,0.0,0.0,0.0,0.0,0.0,0.0,0.0,0.0,0.0,0.0,,,,,,,,,,,0.0
Gwh,2016-07-07,2016,7,07-07,Thursday,0.0,0.0,0.0,0.0,0.0,0.0,0.0,0.0,0.0,0.0,0.0,,,,,,,,,,,0.0
Gwh,2016-07-08,2016,7,07-08,Friday,0.0,0.0,0.0,0.0,0.0,0.0,0.0,0.0,0.0,0.0,0.0,,,,,,,,,,,0.0
Gwh,2016-07-09,2016,7,07-09,Saturday,0.0,0.0,0.0,0.0,0.0,0.0,0.0,0.0,0.0,0.0,0.0,,,,,,,,,,,0.0
Gwh,2016-07-10,2016,7,07-10,Sunday,0.0,0.0,0.0,0.0,0.0,0.0,0.0,0.0,0.0,0.0,0.0,,,,,,,,,,,0.0
Gwh,2016-07-11,2016,7,07-11,Monday,0.0,0.0,0.0,0.0,0.0,0.0,0.0,0.0,0.0,0.0,0.0,,,,,,,,,,,0.0
Gwh,2016-07-12,2016,7,07-12,Tuesday,0.0,0.0,0.0,0.0,0.0,0.0,0.0,0.0,0.0,0.0,0.0,,,,,,,,,,,0.0
Gwh,2016-07-13,2016,7,07-13,Wednesday,0.0,0.0,0.0,0.0,0.0,0.0,0.0,0.0,0.0,0.0,0.0,,,,,,,,,,,0.0
Gwh,2016-07-14,2016,7,07-14,Thursday,0.0,0.0,0.0,0.0,0.0,0.0,0.0,0.0,0.0,0.0,0.0,,,,,,,,,,,0.0
Gwh,2016-07-15,2016,7,07-15,Friday,0.0,0.0,0.0,0.0,0.0,0.0,0.0,0.0,0.0,0.0,0.0,,,,,,,,,,,0.0
Gwh,2016-07-16,2016,7,07-16,Saturday,0.0,0.0,0.0,0.0,0.0,0.0,0.0,0.0,0.0,0.0,0.0,,,,,,,,,,,0.0
Gwh,2016-07-17,2016,7,07-17,Sunday,0.0,0.0,0.0,0.0,0.0,0.0,0.0,0.0,0.0,0.0,0.0,,,,,,,,,,,0.0
Gwh,2016-07-18,2016,7,07-18,Monday,0.0,0.0,0.0,0.0,0.0,0.0,0.0,0.0,0.0,0.0,0.0,,,,,,,,,,,0.0
Gwh,2016-07-19,2016,7,07-19,Tuesday,0.0,0.0,0.0,0.0,0.0,0.0,0.0,0.0,0.0,0.0,0.0,,,,,,,,,,,0.0
Gwh,2016-07-20,2016,7,07-20,Wednesday,0.0,0.0,0.0,0.0,0.0,0.0,0.0,0.0,0.0,0.0,0.0,,,,,,,,,,,0.0
Gwh,2016-07-21,2016,7,07-21,Thursday,0.0,0.0,0.0,0.0,0.0,0.0,0.0,0.0,0.0,0.0,0.0,,,,,,,,,,,0.0
Gwh,2016-07-22,2016,7,07-22,Friday,0.0,0.0,0.0,0.0,0.0,0.0,0.0,0.0,0.0,0.0,0.0,,,,,,,,,,,0.0
Gwh,2016-07-23,2016,7,07-23,Saturday,0.0,0.0,0.0,0.0,0.0,0.0,0.0,0.0,0.0,0.0,0.0,,,,,,,,,,,0.0
Gwh,2016-07-24,2016,7,07-24,Sunday,0.0,0.0,0.0,0.0,0.0,0.0,0.0,0.0,0.0,0.0,0.0,,,,,,,,,,,0.0
Gwh,2016-07-25,2016,7,07-25,Monday,0.0,0.0,0.0,0.0,0.0,0.0,0.0,0.0,0.0,0.0,0.0,,,,,,,,,,,0.0
Gwh,2016-07-26,2016,7,07-26,Tuesday,0.0,0.0,0.0,0.0,0.0,0.0,0.0,0.0,0.0,0.0,0.0,,,,,,,,,,,0.0
Gwh,2016-07-27,2016,7,07-27,Wednesday,0.0,0.0,0.0,0.0,0.0,0.0,0.0,0.0,0.0,0.0,0.0,,,,,,,,,,,0.0
Gwh,2016-07-28,2016,7,07-28,Thursday,0.0,0.0,0.0,0.0,0.0,0.0,0.0,0.0,0.0,0.0,0.0,,,,,,,,,,,0.0
Gwh,2016-07-29,2016,7,07-29,Friday,0.0,0.0,0.0,0.0,0.0,0.0,0.0,0.0,0.0,0.0,0.0,,,,,,,,,,,0.0
Gwh,2016-07-30,2016,7,07-30,Saturday,0.0,0.0,0.0,0.0,0.0,0.0,0.0,0.0,0.0,0.0,0.0,,,,,,,,,,,0.0
Gwh,2016-07-31,2016,7,07-31,Sunday,0.0,0.0,0.0,0.0,0.0,0.0,0.0,0.0,0.0,0.0,0.0,,,,,,,,,,,0.0
Gwh,2016-08-01,2016,8,08-01,Monday,0.0,0.0,0.0,0.0,0.0,0.0,0.0,0.0,0.0,0.0,0.0,,,,,,,,,,,0.0
Gwh,2016-08-02,2016,8,08-02,Tuesday,0.0,0.0,0.0,0.0,0.0,0.0,0.0,0.0,0.0,0.0,0.0,,,,,,,,,,,0.0
Gwh,2016-08-03,2016,8,08-03,Wednesday,0.0,0.0,0.0,0.0,0.0,0.0,0.0,0.0,0.0,0.0,0.0,,,,,,,,,,,0.0
Gwh,2016-08-04,2016,8,08-04,Thursday,0.0,0.0,0.0,0.0,0.0,0.0,0.0,0.0,0.0,0.0,0.0,,,,,,,,,,,0.0
Gwh,2016-08-05,2016,8,08-05,Friday,0.0,0.0,0.0,0.0,0.0,0.0,0.0,0.0,0.0,0.0,0.0,,,,,,,,,,,0.0
Gwh,2016-08-06,2016,8,08-06,Saturday,0.0,0.0,0.0,0.0,0.0,0.0,0.0,0.0,0.0,0.0,0.0,,,,,,,,,,,0.0
Gwh,2016-08-07,2016,8,08-07,Sunday,0.0,0.0,0.0,0.0,0.0,0.0,0.0,0.0,0.0,0.0,0.0,,,,,,,,,,,0.0
Gwh,2016-08-08,2016,8,08-08,Monday,0.0,0.0,0.0,0.0,0.0,0.0,0.0,0.0,0.0,0.0,0.0,,,,,,,,,,,0.0
Gwh,2016-08-09,2016,8,08-09,Tuesday,0.0,0.0,0.0,0.0,0.0,0.0,0.0,0.0,0.0,0.0,0.0,,,,,,,,,,,0.0
Gwh,2016-08-10,2016,8,08-10,Wednesday,0.0,0.0,0.0,0.0,0.0,0.0,0.0,0.0,0.0,0.0,0.0,,,,,,,,,,,0.0
Gwh,2016-08-11,2016,8,08-11,Thursday,0.0,0.0,0.0,0.0,0.0,0.0,0.0,0.0,0.0,0.0,0.0,,,,,,,,,,,0.0
Gwh,2016-08-12,2016,8,08-12,Friday,0.0,0.0,0.0,0.0,0.0,0.0,0.0,0.0,0.0,0.0,0.0,,,,,,,,,,,0.0
Gwh,2016-08-13,2016,8,08-13,Saturday,0.0,0.0,0.0,0.0,0.0,0.0,0.0,0.0,0.0,0.0,0.0,,,,,,,,,,,0.0
Gwh,2016-08-14,2016,8,08-14,Sunday,0.0,0.0,0.0,0.0,0.0,0.0,0.0,0.0,0.0,0.0,0.0,,,,,,,,,,,0.0
Gwh,2016-08-15,2016,8,08-15,Monday,0.0,0.0,0.0,0.0,0.0,0.0,0.0,0.0,0.0,0.0,0.0,,,,,,,,,,,0.0
Gwh,2016-08-16,2016,8,08-16,Tuesday,0.0,0.0,0.0,0.0,0.0,0.0,0.0,0.0,0.0,0.0,0.0,,,,,,,,,,,0.0
Gwh,2016-08-17,2016,8,08-17,Wednesday,0.0,0.0,0.0,0.0,0.0,0.0,0.0,0.0,0.0,0.0,0.0,,,,,,,,,,,0.0
Gwh,2016-08-18,2016,8,08-18,Thursday,0.0,0.0,0.0,0.0,0.0,0.0,0.0,0.0,0.0,0.0,0.0,,,,,,,,,,,0.0
Gwh,2016-08-19,2016,8,08-19,Friday,0.0,0.0,0.0,0.0,0.0,0.0,0.0,0.0,0.0,0.0,0.0,,,,,,,,,,,0.0
Gwh,2016-08-20,2016,8,08-20,Saturday,0.0,0.0,0.0,0.0,0.0,0.0,0.0,0.0,0.0,0.0,0.0,,,,,,,,,,,0.0
Gwh,2016-08-21,2016,8,08-21,Sunday,0.0,0.0,0.0,0.0,0.0,0.0,0.0,0.0,0.0,0.0,0.0,,,,,,,,,,,0.0
Gwh,2016-08-22,2016,8,08-22,Monday,0.0,0.0,0.0,0.0,0.0,0.0,0.0,0.0,0.0,0.0,0.0,,,,,,,,,,,0.0
Gwh,2016-08-23,2016,8,08-23,Tuesday,0.0,0.0,0.0,0.0,0.0,0.0,0.0,0.0,0.0,0.0,0.0,,,,,,,,,,,0.0
Gwh,2016-08-24,2016,8,08-24,Wednesday,0.0,0.0,0.0,0.0,0.0,0.0,0.0,0.0,0.0,0.0,0.0,,,,,,,,,,,0.0
Gwh,2016-08-25,2016,8,08-25,Thursday,0.0,0.0,0.0,0.0,0.0,0.0,0.0,0.0,0.0,0.0,0.0,,,,,,,,,,,0.0
Gwh,2016-08-26,2016,8,08-26,Friday,0.0,0.0,0.0,0.0,0.0,0.0,0.0,0.0,0.0,0.0,0.0,,,,,,,,,,,0.0
Gwh,2016-08-27,2016,8,08-27,Saturday,0.0,0.0,0.0,0.0,0.0,0.0,0.0,0.0,0.0,0.0,0.0,,,,,,,,,,,0.0
Gwh,2016-08-28,2016,8,08-28,Sunday,0.0,0.0,0.0,0.0,0.0,0.0,0.0,0.0,0.0,0.0,0.0,,,,,,,,,,,0.0
Gwh,2016-08-29,2016,8,08-29,Monday,0.0,0.0,0.0,0.0,0.0,0.0,0.0,0.0,0.0,0.0,0.0,,,,,,,,,,,0.0
Gwh,2016-08-30,2016,8,08-30,Tuesday,0.0,0.0,0.0,0.0,0.0,0.0,0.0,0.0,0.0,0.0,0.0,,,,,,,,,,,0.0
Gwh,2016-08-31,2016,8,08-31,Wednesday,0.0,0.0,0.0,0.0,0.0,0.0,0.0,0.0,0.0,0.0,0.0,,,,,,,,,,,0.0
Gwh,2016-09-01,2016,9,09-01,Thursday,0.0,0.0,0.0,0.0,0.0,0.0,0.0,0.0,0.0,0.0,0.0,,,,,,,,,,,0.0
Gwh,2016-09-02,2016,9,09-02,Friday,0.0,0.0,0.0,0.0,0.0,0.0,0.0,0.0,0.0,0.0,0.0,,,,,,,,,,,0.0
Gwh,2016-09-03,2016,9,09-03,Saturday,0.0,0.0,0.0,0.0,0.0,0.0,0.0,0.0,0.0,0.0,0.0,,,,,,,,,,,0.0
Gwh,2016-09-04,2016,9,09-04,Sunday,0.0,0.0,0.0,0.0,0.0,0.0,0.0,0.0,0.0,0.0,0.0,,,,,,,,,,,0.0
Gwh,2016-09-05,2016,9,09-05,Monday,0.0,0.0,0.0,0.0,0.0,0.0,0.0,0.0,0.0,0.0,0.0,,,,,,,,,,,0.0
Gwh,2016-09-06,2016,9,09-06,Tuesday,0.0,0.0,0.0,0.0,0.0,0.0,0.0,0.0,0.0,0.0,0.0,,,,,,,,,,,0.0
Gwh,2016-09-07,2016,9,09-07,Wednesday,0.0,0.0,0.0,0.0,0.0,0.0,0.0,0.0,0.0,0.0,0.0,,,,,,,,,,,0.0
Gwh,2016-09-08,2016,9,09-08,Thursday,0.0,0.0,0.0,0.0,0.0,0.0,0.0,0.0,0.0,0.0,0.0,,,,,,,,,,,0.0
Gwh,2016-09-09,2016,9,09-09,Friday,0.0,0.0,0.0,0.0,0.0,0.0,0.0,0.0,0.0,0.0,0.0,,,,,,,,,,,0.0
Gwh,2016-09-10,2016,9,09-10,Saturday,0.0,0.0,0.0,0.0,0.0,0.0,0.0,0.0,0.0,0.0,0.0,,,,,,,,,,,0.0
Gwh,2016-09-11,2016,9,09-11,Sunday,0.0,0.0,0.0,0.0,0.0,0.0,0.0,0.0,0.0,0.0,0.0,,,,,,,,,,,0.0
Gwh,2016-09-12,2016,9,09-12,Monday,0.0,0.0,0.0,0.0,0.0,0.0,0.0,0.0,0.0,0.0,0.0,,,,,,,,,,,0.0
Gwh,2016-09-13,2016,9,09-13,Tuesday,0.0,0.0,0.0,0.0,0.0,0.0,0.0,0.0,0.0,0.0,0.0,,,,,,,,,,,0.0
Gwh,2016-09-14,2016,9,09-14,Wednesday,0.0,0.0,0.0,0.0,0.0,0.0,0.0,0.0,0.0,0.0,0.0,,,,,,,,,,,0.0
Gwh,2016-09-15,2016,9,09-15,Thursday,0.0,0.0,0.0,0.0,0.0,0.0,0.0,0.0,0.0,0.0,0.0,,,,,,,,,,,0.0
Gwh,2016-09-16,2016,9,09-16,Friday,0.0,0.0,0.0,0.0,0.0,0.0,0.0,0.0,0.0,0.0,0.0,,,,,,,,,,,0.0
Gwh,2016-09-17,2016,9,09-17,Saturday,0.0,0.0,0.0,0.0,0.0,0.0,0.0,0.0,0.0,0.0,0.0,,,,,,,,,,,0.0
Gwh,2016-09-18,2016,9,09-18,Sunday,0.0,0.0,0.0,0.0,0.0,0.0,0.0,0.0,0.0,0.0,0.0,,,,,,,,,,,0.0
Gwh,2016-09-19,2016,9,09-19,Monday,0.0,0.0,0.0,0.0,0.0,0.0,0.0,0.0,0.0,0.0,0.0,,,,,,,,,,,0.0
Gwh,2016-09-20,2016,9,09-20,Tuesday,0.0,0.0,0.0,0.0,0.0,0.0,0.0,0.0,0.0,0.0,0.0,,,,,,,,,,,0.0
Gwh,2016-09-21,2016,9,09-21,Wednesday,0.0,0.0,0.0,0.0,0.0,0.0,0.0,0.0,0.0,0.0,0.0,,,,,,,,,,,0.0
Gwh,2016-09-22,2016,9,09-22,Thursday,0.0,0.0,0.0,0.0,0.0,0.0,0.0,0.0,0.0,0.0,0.0,,,,,,,,,,,0.0
Gwh,2016-09-23,2016,9,09-23,Friday,0.0,0.0,0.0,0.0,0.0,0.0,0.0,0.0,0.0,0.0,0.0,,,,,,,,,,,0.0
Gwh,2016-09-24,2016,9,09-24,Saturday,0.0,0.0,0.0,0.0,0.0,0.0,0.0,0.0,0.0,0.0,0.0,,,,,,,,,,,0.0
Gwh,2016-09-25,2016,9,09-25,Sunday,0.0,0.0,0.0,0.0,0.0,0.0,0.0,0.0,0.0,0.0,0.0,,,,,,,,,,,0.0
Gwh,2016-09-26,2016,9,09-26,Monday,0.0,0.0,0.0,0.0,0.0,0.0,0.0,0.0,0.0,0.0,0.0,,,,,,,,,,,0.0
Gwh,2016-09-27,2016,9,09-27,Tuesday,0.0,0.0,0.0,0.0,0.0,0.0,0.0,0.0,0.0,0.0,0.0,,,,,,,,,,,0.0
Gwh,2016-09-28,2016,9,09-28,Wednesday,0.0,0.0,0.0,0.0,0.0,0.0,0.0,0.0,0.0,0.0,0.0,,,,,,,,,,,0.0
Gwh,2016-09-29,2016,9,09-29,Thursday,0.0,0.0,0.0,0.0,0.0,0.0,0.0,0.0,0.0,0.0,0.0,,,,,,,,,,,0.0
Gwh,2016-09-30,2016,9,09-30,Friday,0.0,0.0,0.0,0.0,0.0,0.0,0.0,0.0,0.0,0.0,0.0,,,,,,,,,,,0.0
Gwh,2016-10-01,2016,10,10-01,Saturday,0.0,0.0,0.0,0.0,0.0,0.0,0.0,0.0,0.0,0.0,0.0,,,,,,,,,,,0.0
Gwh,2016-10-02,2016,10,10-02,Sunday,0.0,0.0,0.0,0.0,0.0,0.0,0.0,0.0,0.0,0.0,0.0,,,,,,,,,,,0.0
Gwh,2016-10-03,2016,10,10-03,Monday,0.0,0.0,0.0,0.0,0.0,0.0,0.0,0.0,0.0,0.0,0.0,,,,,,,,,,,0.0
Gwh,2016-10-04,2016,10,10-04,Tuesday,0.0,0.0,0.0,0.0,0.0,0.0,0.0,0.0,0.0,0.0,0.0,,,,,,,,,,,0.0
Gwh,2016-10-05,2016,10,10-05,Wednesday,0.0,0.0,0.0,0.0,0.0,0.0,0.0,0.0,0.0,0.0,0.0,,,,,,,,,,,0.0
Gwh,2016-10-06,2016,10,10-06,Thursday,0.0,0.0,0.0,0.0,0.0,0.0,0.0,0.0,0.0,0.0,0.0,,,,,,,,,,,0.0
Gwh,2016-10-07,2016,10,10-07,Friday,0.0,0.0,0.0,0.0,0.0,0.0,0.0,0.0,0.0,0.0,0.0,,,,,,,,,,,0.0
Gwh,2016-10-08,2016,10,10-08,Saturday,0.0,0.0,0.0,0.0,0.0,0.0,0.0,0.0,0.0,0.0,0.0,,,,,,,,,,,0.0
Gwh,2016-10-09,2016,10,10-09,Sunday,0.0,0.0,0.0,0.0,0.0,0.0,0.0,0.0,0.0,0.0,0.0,,,,,,,,,,,0.0
Gwh,2016-10-10,2016,10,10-10,Monday,0.0,0.0,0.0,0.0,0.0,0.0,0.0,0.0,0.0,0.0,0.0,,,,,,,,,,,0.0
Gwh,2016-10-11,2016,10,10-11,Tuesday,0.0,0.0,0.0,0.0,0.0,0.0,0.0,0.0,0.0,0.0,0.0,,,,,,,,,,,0.0
Gwh,2016-10-12,2016,10,10-12,Wednesday,0.0,0.0,0.0,0.0,0.0,0.0,0.0,0.0,0.0,0.0,0.0,,,,,,,,,,,0.0
Gwh,2016-10-13,2016,10,10-13,Thursday,0.0,0.0,0.0,0.0,0.0,0.0,0.0,0.0,0.0,0.0,0.0,,,,,,,,,,,0.0
Gwh,2016-10-14,2016,10,10-14,Friday,0.0,0.0,0.0,0.0,0.0,0.0,0.0,0.0,0.0,0.0,0.0,,,,,,,,,,,0.0
Gwh,2016-10-15,2016,10,10-15,Saturday,0.0,0.0,0.0,0.0,0.0,0.0,0.0,0.0,0.0,0.0,0.0,,,,,,,,,,,0.0
Gwh,2016-10-16,2016,10,10-16,Sunday,0.0,0.0,0.0,0.0,0.0,0.0,0.0,0.0,0.0,0.0,0.0,,,,,,,,,,,0.0
Gwh,2016-10-17,2016,10,10-17,Monday,0.0,0.0,0.0,0.0,0.0,0.0,0.0,0.0,0.0,0.0,0.0,,,,,,,,,,,0.0
Gwh,2016-10-18,2016,10,10-18,Tuesday,0.0,0.0,0.0,0.0,0.0,0.0,0.0,0.0,0.0,0.0,0.0,,,,,,,,,,,0.0
Gwh,2016-10-19,2016,10,10-19,Wednesday,0.0,0.0,0.0,0.0,0.0,0.0,0.0,0.0,0.0,0.0,0.0,,,,,,,,,,,0.0
Gwh,2016-10-20,2016,10,10-20,Thursday,0.0,0.0,0.0,0.0,0.0,0.0,0.0,0.0,0.0,0.0,0.0,,,,,,,,,,,0.0
Gwh,2016-10-21,2016,10,10-21,Friday,0.0,0.0,0.0,0.0,0.0,0.0,0.0,0.0,0.0,0.0,0.0,,,,,,,,,,,0.0
Gwh,2016-10-22,2016,10,10-22,Saturday,0.0,0.0,0.0,0.0,0.0,0.0,0.0,0.0,0.0,0.0,0.0,,,,,,,,,,,0.0
Gwh,2016-10-23,2016,10,10-23,Sunday,0.0,0.0,0.0,0.0,0.0,0.0,0.0,0.0,0.0,0.0,0.0,,,,,,,,,,,0.0
Gwh,2016-10-24,2016,10,10-24,Monday,0.0,0.0,0.0,0.0,0.0,0.0,0.0,0.0,0.0,0.0,0.0,,,,,,,,,,,0.0
Gwh,2016-10-25,2016,10,10-25,Tuesday,0.0,0.0,0.0,0.0,0.0,0.0,0.0,0.0,0.0,0.0,0.0,,,,,,,,,,,0.0
Gwh,2016-10-26,2016,10,10-26,Wednesday,0.0,0.0,0.0,0.0,0.0,0.0,0.0,0.0,0.0,0.0,0.0,,,,,,,,,,,0.0
Gwh,2016-10-27,2016,10,10-27,Thursday,0.0,0.0,0.0,0.0,0.0,0.0,0.0,0.0,0.0,0.0,0.0,,,,,,,,,,,0.0
Gwh,2016-10-28,2016,10,10-28,Friday,0.0,0.0,0.0,0.0,0.0,0.0,0.0,0.0,0.0,0.0,0.0,,,,,,,,,,,0.0
Gwh,2016-10-29,2016,10,10-29,Saturday,0.0,0.0,0.0,0.0,0.0,0.0,0.0,0.0,0.0,0.0,0.0,,,,,,,,,,,0.0
Gwh,2016-10-30,2016,10,10-30,Sunday,0.0,0.0,0.0,0.0,0.0,0.0,0.0,0.0,0.0,0.0,0.0,,,,,,,,,,,0.0
Gwh,2016-10-31,2016,10,10-31,Monday,0.0,0.0,0.0,0.0,0.0,0.0,0.0,0.0,0.0,0.0,0.0,,,,,,,,,,,0.0
Gwh,2016-11-01,2016,11,11-01,Tuesday,0.0,0.0,0.0,0.0,0.0,0.0,0.0,0.0,0.0,0.0,0.0,,,,,,,,,,,0.0
Gwh,2016-11-02,2016,11,11-02,Wednesday,0.0,0.0,0.0,0.0,0.0,0.0,0.0,0.0,0.0,0.0,0.0,,,,,,,,,,,0.0
Gwh,2016-11-03,2016,11,11-03,Thursday,0.0,0.0,0.0,0.0,0.0,0.0,0.0,0.0,0.0,0.0,0.0,,,,,,,,,,,0.0
Gwh,2016-11-04,2016,11,11-04,Friday,0.0,0.0,0.0,0.0,0.0,0.0,0.0,0.0,0.0,0.0,0.0,,,,,,,,,,,0.0
Gwh,2016-11-05,2016,11,11-05,Saturday,0.0,0.0,0.0,0.0,0.0,0.0,0.0,0.0,0.0,0.0,0.0,,,,,,,,,,,0.0
Gwh,2016-11-06,2016,11,11-06,Sunday,0.0,0.0,0.0,0.0,0.0,0.0,0.0,0.0,0.0,0.0,0.0,,,,,,,,,,,0.0
Gwh,2016-11-07,2016,11,11-07,Monday,0.0,0.0,0.0,0.0,0.0,0.0,0.0,0.0,0.0,0.0,0.0,,,,,,,,,,,0.0
Gwh,2016-11-08,2016,11,11-08,Tuesday,0.0,0.0,0.0,0.0,0.0,0.0,0.0,0.0,0.0,0.0,0.0,,,,,,,,,,,0.0
Gwh,2016-11-09,2016,11,11-09,Wednesday,0.0,0.0,0.0,0.0,0.0,0.0,0.0,0.0,0.0,0.0,0.0,,,,,,,,,,,0.0
Gwh,2016-11-10,2016,11,11-10,Thursday,0.0,0.0,0.0,0.0,0.0,0.0,0.0,0.0,0.0,0.0,0.0,,,,,,,,,,,0.0
Gwh,2016-11-11,2016,11,11-11,Friday,0.0,0.0,0.0,0.0,0.0,0.0,0.0,0.0,0.0,0.0,0.0,,,,,,,,,,,0.0
Gwh,2016-11-12,2016,11,11-12,Saturday,0.0,0.0,0.0,0.0,0.0,0.0,0.0,0.0,0.0,0.0,0.0,,,,,,,,,,,0.0
Gwh,2016-11-13,2016,11,11-13,Sunday,0.0,0.0,0.0,0.0,0.0,0.0,0.0,0.0,0.0,0.0,0.0,,,,,,,,,,,0.0
Gwh,2016-11-14,2016,11,11-14,Monday,0.0,0.0,0.0,0.0,0.0,0.0,0.0,0.0,0.0,0.0,0.0,,,,,,,,,,,0.0
Gwh,2016-11-15,2016,11,11-15,Tuesday,0.0,0.0,0.0,0.0,0.0,0.0,0.0,0.0,0.0,0.0,0.0,,,,,,,,,,,0.0
Gwh,2016-11-16,2016,11,11-16,Wednesday,0.0,0.0,0.0,0.0,0.0,0.0,0.0,0.0,0.0,0.0,0.0,,,,,,,,,,,0.0
Gwh,2016-11-17,2016,11,11-17,Thursday,0.0,0.0,0.0,0.0,0.0,0.0,0.0,0.0,0.0,0.0,0.0,,,,,,,,,,,0.0
Gwh,2016-11-18,2016,11,11-18,Friday,0.0,0.0,0.0,0.0,0.0,0.0,0.0,0.0,0.0,0.0,0.0,,,,,,,,,,,0.0
Gwh,2016-11-19,2016,11,11-19,Saturday,0.0,0.0,0.0,0.0,0.0,0.0,0.0,0.0,0.0,0.0,0.0,,,,,,,,,,,0.0
Gwh,2016-11-20,2016,11,11-20,Sunday,0.0,0.0,0.0,0.0,0.0,0.0,0.0,0.0,0.0,0.0,0.0,,,,,,,,,,,0.0
Gwh,2016-11-21,2016,11,11-21,Monday,0.0,0.0,0.0,0.0,0.0,0.0,0.0,0.0,0.0,0.0,0.0,,,,,,,,,,,0.0
Gwh,2016-11-22,2016,11,11-22,Tuesday,0.0,0.0,0.0,0.0,0.0,0.0,0.0,0.0,0.0,0.0,0.0,,,,,,,,,,,0.0
Gwh,2016-11-23,2016,11,11-23,Wednesday,0.0,0.0,0.0,0.0,0.0,0.0,0.0,0.0,0.0,0.0,0.0,,,,,,,,,,,0.0
Gwh,2016-11-24,2016,11,11-24,Thursday,0.0,0.0,0.0,0.0,0.0,0.0,0.0,0.0,0.0,0.0,0.0,,,,,,,,,,,0.0
Gwh,2016-11-25,2016,11,11-25,Friday,0.0,0.0,0.0,0.0,0.0,0.0,0.0,0.0,0.0,0.0,0.0,,,,,,,,,,,0.0
Gwh,2016-11-26,2016,11,11-26,Saturday,0.0,0.0,0.0,0.0,0.0,0.0,0.0,0.0,0.0,0.0,0.0,,,,,,,,,,,0.0
Gwh,2016-11-27,2016,11,11-27,Sunday,0.0,0.0,0.0,0.0,0.0,0.0,0.0,0.0,0.0,0.0,0.0,,,,,,,,,,,0.0
Gwh,2016-11-28,2016,11,11-28,Monday,0.0,0.0,0.0,0.0,0.0,0.0,0.0,0.0,0.0,0.0,0.0,,,,,,,,,,,0.0
Gwh,2016-11-29,2016,11,11-29,Tuesday,0.0,0.0,0.0,0.0,0.0,0.0,0.0,0.0,0.0,0.0,0.0,,,,,,,,,,,0.0
Gwh,2016-11-30,2016,11,11-30,Wednesday,0.0,0.0,0.0,0.0,0.0,0.0,0.0,0.0,0.0,0.0,0.0,,,,,,,,,,,0.0
Gwh,2016-12-01,2016,12,12-01,Thursday,0.0,0.0,0.0,0.0,0.0,0.0,0.0,0.0,0.0,0.0,0.0,,,,,,,,,,,0.0
Gwh,2016-12-02,2016,12,12-02,Friday,0.0,0.0,0.0,0.0,0.0,0.0,0.0,0.0,0.0,0.0,0.0,,,,,,,,,,,0.0
Gwh,2016-12-03,2016,12,12-03,Saturday,0.0,0.0,0.0,0.0,0.0,0.0,0.0,0.0,0.0,0.0,0.0,,,,,,,,,,,0.0
Gwh,2016-12-04,2016,12,12-04,Sunday,0.0,0.0,0.0,0.0,0.0,0.0,0.0,0.0,0.0,0.0,0.0,,,,,,,,,,,0.0
Gwh,2016-12-05,2016,12,12-05,Monday,0.0,0.0,0.0,0.0,0.0,0.0,0.0,0.0,0.0,0.0,0.0,,,,,,,,,,,0.0
Gwh,2016-12-06,2016,12,12-06,Tuesday,0.0,0.0,0.0,0.0,0.0,0.0,0.0,0.0,0.0,0.0,0.0,,,,,,,,,,,0.0
Gwh,2016-12-07,2016,12,12-07,Wednesday,0.0,0.0,0.0,0.0,0.0,0.0,0.0,0.0,0.0,0.0,0.0,,,,,,,,,,,0.0
Gwh,2016-12-08,2016,12,12-08,Thursday,0.0,0.0,0.0,0.0,0.0,0.0,0.0,0.0,0.0,0.0,0.0,,,,,,,,,,,0.0
Gwh,2016-12-09,2016,12,12-09,Friday,0.0,0.0,0.0,0.0,0.0,0.0,0.0,0.0,0.0,0.0,0.0,,,,,,,,,,,0.0
Gwh,2016-12-10,2016,12,12-10,Saturday,0.0,0.0,0.0,0.0,0.0,0.0,0.0,0.0,0.0,0.0,0.0,,,,,,,,,,,0.0
Gwh,2016-12-11,2016,12,12-11,Sunday,0.0,0.0,0.0,0.0,0.0,0.0,0.0,0.0,0.0,0.0,0.0,,,,,,,,,,,0.0
Gwh,2016-12-12,2016,12,12-12,Monday,0.0,0.0,0.0,0.0,0.0,0.0,0.0,0.0,0.0,0.0,0.0,,,,,,,,,,,0.0
Gwh,2016-12-13,2016,12,12-13,Tuesday,0.0,0.0,0.0,0.0,0.0,0.0,0.0,0.0,0.0,0.0,0.0,,,,,,,,,,,0.0
Gwh,2016-12-14,2016,12,12-14,Wednesday,0.0,0.0,0.0,0.0,0.0,0.0,0.0,0.0,0.0,0.0,0.0,,,,,,,,,,,0.0
Gwh,2016-12-15,2016,12,12-15,Thursday,0.0,0.0,0.0,0.0,0.0,0.0,0.0,0.0,0.0,0.0,0.0,,,,,,,,,,,0.0
Gwh,2016-12-16,2016,12,12-16,Friday,0.0,0.0,0.0,0.0,0.0,0.0,0.0,0.0,0.0,0.0,0.0,,,,,,,,,,,0.0
Gwh,2016-12-17,2016,12,12-17,Saturday,0.0,0.0,0.0,0.0,0.0,0.0,0.0,0.0,0.0,0.0,0.0,,,,,,,,,,,0.0
Gwh,2016-12-18,2016,12,12-18,Sunday,0.0,0.0,0.0,0.0,0.0,0.0,0.0,0.0,0.0,0.0,0.0,,,,,,,,,,,0.0
Gwh,2016-12-19,2016,12,12-19,Monday,0.0,0.0,0.0,0.0,0.0,0.0,0.0,0.0,0.0,0.0,0.0,,,,,,,,,,,0.0
Gwh,2016-12-20,2016,12,12-20,Tuesday,0.0,0.0,0.0,0.0,0.0,0.0,0.0,0.0,0.0,0.0,0.0,,,,,,,,,,,0.0
Gwh,2016-12-21,2016,12,12-21,Wednesday,0.0,0.0,0.0,0.0,0.0,0.0,0.0,0.0,0.0,0.0,0.0,,,,,,,,,,,0.0
Gwh,2016-12-22,2016,12,12-22,Thursday,0.0,0.0,0.0,0.0,0.0,0.0,0.0,0.0,0.0,0.0,0.0,,,,,,,,,,,0.0
Gwh,2016-12-23,2016,12,12-23,Friday,78.414,0.0,0.046,0.0,25.01,0.0,0.0,0.092,78.46,25.102,103.562,0.7571696181997258,0.0,0.0004441783665823372,0.0,0.24149784670052724,0.0,0.0,0.0008883567331646743,0.7576137965663081,0.2423862034336919,0.092
Gwh,2016-12-24,2016,12,12-24,Saturday,79.322,0.0,0.048,0.0,20.58,0.0,0.0,0.096,79.37,20.676,100.046,0.7928552865681786,0.0,0.00047977930152130017,0.0,0.20570537552725743,0.0,0.0,0.0009595586030426003,0.7933350658696999,0.20666493413030004,0.096
Gwh,2016-12-25,2016,12,12-25,Sunday,72.62,0.0,0.048,0.0,18.768,0.0,0.0,0.809,72.668,19.577,92.245,0.7872513415361266,0.0,0.0005203534066887094,0.0,0.20345818201528537,0.0,0.0,0.00877012304189929,0.7877716949428154,0.21222830505718468,0.096
Gwh,2016-12-26,2016,12,12-26,Monday,68.9585,0.0,0.048,0.0,18.139,0.0,0.0,0.8545539999999999,69.0065,18.993554,88.000054,0.7836188373248043,0.0,0.000545454210744007,0.0,0.20612487351428213,0.0,0.0,0.00971083495016946,0.7841642915355483,0.2158357084644516,0.096
Gwh,2016-12-27,2016,12,12-27,Tuesday,74.84,0.0,0.048,0.0,16.691,0.0,0.0,1.515348,74.888,18.206348,93.094348,0.8039156147266857,0.0,0.0005156059527910331,0.0,0.17929122829239857,0.0,0.0,0.016277551028124716,0.8044312206794768,0.1955687793205233,0.096
Gwh,2016-12-28,2016,12,12-28,Wednesday,72.987,0.0,0.048,0.0,19.689,0.0,0.0,1.520532,73.035,21.209532,94.244532,0.774442807992298,0.0,0.000509313367909769,0.0,0.20891397709948836,0.0,0.0,0.016133901540303683,0.7749521213602079,0.22504787863979203,0.096
Gwh,2016-12-29,2016,12,12-29,Thursday,74.002,0.0,0.048,0.0,21.015,0.0,0.0,1.525736,74.05,22.540736000000003,96.590736,0.7661397258635652,0.0,0.0004969420669907723,0.0,0.21756744870439748,0.0,0.0,0.015795883365046517,0.766636667930556,0.233363332069444,0.096
Gwh,2016-12-30,2016,12,12-30,Friday,74.628,0.0,0.048,0.0,17.551,0.0,0.0,1.530924,74.676,19.081924,93.757924,0.7959647229390445,0.0,0.0005119567280521271,0.0,0.1871948444592267,0.0,0.0,0.016328475873676553,0.7964766796670967,0.20352332033290327,0.096
Gwh,2016-12-31,2016,12,12-31,Saturday,78.025,0.0,0.048,0.0,18.425,0.0,0.0,1.536108,78.073,19.961108,98.034108,0.7958964649323886,0.0,0.0004896255087056027,0.0,0.1879447916229319,0.0,0.0,0.015669117935973875,0.7963860904410941,0.20361390955890574,0.096
